CDS_CODE,ETHNIC,ENR_TOTAL,GRADS,UC_GRADS
1100170000000,1,24,5,3
1100170000000,2,430,32,4
1100170000000,3,32,4,2
1100170000000,4,42,5,3
1100170000000,5,876,148,68
1100170000000,6,591,85,42
1100170000000,7,715,45,4
1100170000000,9,160,9,3
1316170000000,2,26,1,0
1316170000000,3,2,1,0
1316170000000,4,22,4,0
1316170000000,5,186,14,0
1316170000000,6,41,5,0
1316170000000,7,116,12,0
1611190000000,0,11,1,1
1611190000000,1,23,1,0
1611190000000,2,1474,284,203
1611190000000,3,58,8,2
1611190000000,4,465,63,31
1611190000000,5,1091,173,46
1611190000000,6,752,75,23
1611190000000,7,1566,191,106
1611190000000,9,360,38,15
1611270000000,2,359,88,69
1611270000000,3,3,1,0
1611270000000,4,20,6,3
1611270000000,5,215,48,20
1611270000000,6,60,12,4
1611270000000,7,442,86,51
1611270000000,9,119,28,11
1611430000000,1,6,2,2
1611430000000,2,274,58,37
1611430000000,3,11,2,0
1611430000000,4,37,9,6
1611430000000,5,1128,177,97
1611430000000,6,822,194,69
1611430000000,7,1313,313,262
1611430000000,9,364,66,42
1611500000000,0,16,4,2
1611500000000,1,11,2,1
1611500000000,2,766,186,142
1611500000000,3,21,5,1
1611500000000,4,136,22,13
1611500000000,5,718,152,57
1611500000000,6,253,55,16
1611500000000,7,971,220,123
1611500000000,9,261,68,42
1611680000000,2,24,5,3
1611680000000,5,34,7,4
1611680000000,6,118,21,3
1611680000000,7,13,3,0
1611760000000,1,38,9,2
1611760000000,2,5355,1274,1061
1611760000000,3,68,17,9
1611760000000,4,686,162,99
1611760000000,5,1610,343,120
1611760000000,6,383,79,28
1611760000000,7,1893,439,226
1611760000000,9,171,32,21
1611920000000,0,75,1,1
1611920000000,1,29,6,2
1611920000000,2,673,125,93
1611920000000,3,245,49,22
1611920000000,4,630,128,80
1611920000000,5,4176,717,328
1611920000000,6,919,190,67
1611920000000,7,572,68,33
1611920000000,9,148,15,7
1612000000000,0,31,3,1
1612000000000,1,12,3,3
1612000000000,2,314,52,34
1612000000000,3,18,1,0
1612000000000,4,151,34,14
1612000000000,5,1348,257,84
1612000000000,6,78,12,5
1612000000000,7,2835,504,267
1612000000000,9,381,57,33
1612340000000,1,6,1,1
1612340000000,2,239,67,16
1612340000000,3,47,13,2
1612340000000,4,202,50,9
1612340000000,5,986,208,28
1612340000000,6,136,37,2
1612340000000,7,311,82,11
1612340000000,9,52,5,1
1612420000000,1,8,2,2
1612420000000,2,866,212,143
1612420000000,3,152,39,20
1612420000000,4,901,219,142
1612420000000,5,1504,293,115
1612420000000,6,341,65,35
1612420000000,7,275,67,35
1612420000000,9,170,29,16
1612590000000,0,505,21,14
1612590000000,1,75,7,2
1612590000000,2,2743,382,254
1612590000000,3,290,28,12
1612590000000,4,227,21,10
1612590000000,5,12931,913,565
1612590000000,6,6722,625,231
1612590000000,7,1452,182,143
1612590000000,9,413,40,32
1612600000000,2,3496,1,0
1612600000000,4,220,1,0
1612600000000,5,8108,6,0
1612600000000,6,6117,10,2
1612750000000,1,1,1,1
1612750000000,2,139,40,39
1612750000000,4,15,2,2
1612750000000,5,32,9,8
1612750000000,6,26,7,5
1612750000000,7,608,164,150
1612750000000,9,46,4,2
1612910000000,2,395,110,75
1612910000000,3,49,7,2
1612910000000,4,241,55,32
1612910000000,5,1265,291,74
1612910000000,6,497,102,23
1612910000000,7,253,55,20
1612910000000,9,49,12,2
1613090000000,0,114,2,1
1613090000000,1,12,2,1
1613090000000,2,683,145,94
1613090000000,3,66,20,5
1613090000000,4,330,84,40
1613090000000,5,2235,517,182
1613090000000,6,577,150,56
1613090000000,7,443,107,37
1613090000000,9,61,14,7
1750930000000,0,26,1,1
1750930000000,1,10,4,4
1750930000000,2,2556,116,89
1750930000000,3,22,3,1
1750930000000,4,387,36,24
1750930000000,5,569,91,44
1750930000000,6,242,45,22
1750930000000,7,1312,182,113
1750930000000,9,286,10,6
1751010000000,1,24,11,4
1751010000000,2,1531,374,303
1751010000000,3,16,6,3
1751010000000,4,126,31,20
1751010000000,5,476,117,51
1751010000000,6,113,29,15
1751010000000,7,2507,617,355
1751010000000,9,115,24,12
1766530000000,0,6,1,1
1766530000000,2,40,12,12
1766530000000,4,11,3,3
1766530000000,5,79,22,22
1766530000000,6,10,2,2
1766530000000,7,238,63,62
1766530000000,9,21,4,4
2100250000000,1,6,2,0
3100330000000,7,132,2,0
3739810000000,0,26,4,0
3739810000000,1,38,10,1
3739810000000,2,9,3,1
3739810000000,3,5,1,0
3739810000000,4,9,2,1
3739810000000,5,232,39,12
3739810000000,6,2,1,0
3739810000000,7,919,218,52
3739810000000,9,57,10,0
4100410000000,1,39,1,0
4100410000000,2,9,1,0
4100410000000,5,212,27,2
4100410000000,6,16,3,0
4100410000000,7,727,114,21
4100410000000,9,25,4,0
4100420000000,1,1,1,0
4614080000000,2,1,1,0
4614080000000,5,56,12,2
4614080000000,6,3,1,0
4614080000000,7,88,16,5
4614240000000,0,65,9,0
4614240000000,1,83,16,2
4614240000000,2,292,84,37
4614240000000,3,31,3,1
4614240000000,4,37,10,5
4614240000000,5,1005,214,45
4614240000000,6,156,36,5
4614240000000,7,3163,639,302
4614240000000,9,132,19,2
4614320000000,1,4,1,0
4614320000000,5,63,20,3
4614320000000,7,220,50,25
4614320000000,9,3,1,1
4614400000000,1,9,3,0
4614400000000,5,7,2,0
4614400000000,7,20,3,0
4614400000000,9,2,1,0
4614570000000,0,3,1,0
4614570000000,5,13,3,0
4614570000000,7,37,6,0
4615150000000,1,113,12,1
4615150000000,2,347,88,42
4615150000000,3,6,2,0
4615150000000,4,8,1,0
4615150000000,5,461,102,12
4615150000000,6,61,8,0
4615150000000,7,1097,212,30
4615150000000,9,179,31,3
4615310000000,1,17,2,0
4615310000000,2,16,2,0
4615310000000,4,12,3,1
4615310000000,5,158,24,7
4615310000000,6,16,3,0
4615310000000,7,1162,208,38
4615310000000,9,104,15,2
4615320000000,5,368,1,0
4615320000000,7,2102,10,0
4615320000000,9,229,1,0
4755070000000,0,18,2,0
4755070000000,2,21,9,6
4755070000000,5,368,75,15
4755070000000,6,3,1,0
4755070000000,7,226,54,10
4755070000000,9,3,1,0
5100580000000,2,2,1,0
5100580000000,3,2,1,0
5100580000000,5,77,18,0
5100580000000,7,367,54,1
5100580000000,9,50,5,0
5100590000000,1,2,1,0
5100590000000,2,1,1,0
5100590000000,5,9,4,0
5100590000000,6,4,1,0
5100590000000,7,35,3,0
5615560000000,1,17,4,2
5615560000000,2,4,1,0
5615560000000,5,142,23,9
5615560000000,6,5,1,0
5615560000000,7,516,139,58
5615560000000,9,36,10,3
5615640000000,1,23,5,0
5615640000000,2,7,2,0
5615640000000,3,4,2,0
5615640000000,4,8,3,2
5615640000000,5,146,45,5
5615640000000,6,14,5,0
5615640000000,7,850,210,47
5615640000000,9,22,7,1
6615980000000,1,19,2,1
6615980000000,2,4,1,1
6615980000000,5,277,60,14
6615980000000,7,160,27,15
6616060000000,5,49,13,4
6616060000000,7,49,9,1
6616060000000,9,2,1,0
6616140000000,3,2,1,0
6616140000000,4,2,1,0
6616140000000,5,321,57,15
6616140000000,7,103,24,6
6616220000000,2,15,4,2
6616220000000,5,810,80,19
6616220000000,7,59,13,4
7100740000000,0,33,2,2
7100740000000,1,16,1,1
7100740000000,2,171,25,21
7100740000000,3,28,6,1
7100740000000,4,127,19,13
7100740000000,5,1560,143,74
7100740000000,6,373,56,16
7100740000000,7,1251,267,153
7100740000000,9,137,12,3
7616300000000,0,42,4,4
7616300000000,1,9,2,1
7616300000000,2,688,171,136
7616300000000,3,17,2,2
7616300000000,4,106,22,15
7616300000000,5,461,115,71
7616300000000,6,81,14,8
7616300000000,7,3664,813,616
7616300000000,9,334,71,56
7616480000000,0,1,2,0
7616480000000,1,71,17,3
7616480000000,2,534,73,46
7616480000000,3,96,9,2
7616480000000,4,536,105,59
7616480000000,5,3335,521,148
7616480000000,6,2621,320,53
7616480000000,7,1816,312,123
7616480000000,9,474,63,24
7616630000000,2,12,2,1
7616630000000,5,104,18,1
7616630000000,7,230,15,9
7616630000000,9,10,2,1
7616970000000,1,1,1,0
7616970000000,2,66,9,1
7616970000000,3,6,2,0
7616970000000,4,64,13,6
7616970000000,5,171,36,5
7616970000000,6,108,23,3
7616970000000,7,118,22,2
7616970000000,9,49,10,5
7617210000000,0,7,1,0
7617210000000,1,43,8,5
7617210000000,2,244,53,40
7617210000000,3,53,14,1
7617210000000,4,383,77,52
7617210000000,5,2689,598,216
7617210000000,6,747,146,52
7617210000000,7,3601,841,415
7617210000000,9,320,71,33
7617390000000,1,7,1,0
7617390000000,2,47,12,10
7617390000000,3,8,2,0
7617390000000,4,41,11,7
7617390000000,5,346,70,24
7617390000000,6,37,5,2
7617390000000,7,720,183,85
7617390000000,9,131,29,16
7617540000000,0,101,14,3
7617540000000,1,46,9,1
7617540000000,2,771,188,102
7617540000000,3,95,20,6
7617540000000,4,531,104,37
7617540000000,5,3597,651,116
7617540000000,6,493,80,12
7617540000000,7,3387,858,354
7617540000000,9,187,30,6
7617880000000,0,19,1,0
7617880000000,1,14,4,0
7617880000000,2,143,22,10
7617880000000,3,67,19,8
7617880000000,4,295,57,37
7617880000000,5,2770,397,128
7617880000000,6,1026,139,41
7617880000000,7,282,49,17
7617880000000,9,95,14,0
7617960000000,1,14,1,0
7617960000000,2,920,228,125
7617960000000,3,70,18,5
7617960000000,4,597,139,82
7617960000000,5,5012,928,370
7617960000000,6,1956,346,99
7617960000000,7,808,178,85
7617960000000,9,81,11,6
7618040000000,1,31,6,4
7618040000000,2,6800,629,522
7618040000000,3,27,9,2
7618040000000,4,741,80,53
7618040000000,5,1241,203,133
7618040000000,6,315,49,21
7618040000000,7,6165,1329,945
7618040000000,9,1003,114,71
8100820000000,0,1,2,0
8100820000000,1,117,20,0
8100820000000,2,10,6,0
8100820000000,5,77,19,0
8100820000000,6,8,4,0
8100820000000,7,388,67,0
8100820000000,9,14,3,0
8618200000000,1,114,22,4
8618200000000,2,81,19,9
8618200000000,4,8,2,2
8618200000000,5,200,40,11
8618200000000,6,8,2,1
8618200000000,7,552,127,27
8618200000000,9,12,1,1
9100900000000,1,15,1,0
9100900000000,3,2,1,0
9100900000000,5,188,51,0
9100900000000,6,49,15,0
9100900000000,7,522,58,0
9100900000000,9,45,7,0
9618530000000,1,60,15,3
9618530000000,2,257,55,38
9618530000000,3,18,3,1
9618530000000,4,65,12,7
9618530000000,5,908,200,64
9618530000000,6,81,29,15
9618530000000,7,5070,1241,657
9618530000000,9,343,68,40
9619030000000,0,13,2,0
9619030000000,1,11,2,0
9619030000000,2,24,4,4
9619030000000,4,50,9,2
9619030000000,5,464,104,19
9619030000000,6,19,4,1
9619030000000,7,902,133,66
9619030000000,9,22,3,2
9737830000000,1,16,2,0
9737830000000,4,2,1,0
9737830000000,5,72,7,2
9737830000000,7,643,102,22
9737830000000,9,5,1,0
10101100000000,0,44,3,2
10101100000000,2,130,18,0
10101100000000,3,10,1,0
10101100000000,5,1517,85,9
10101100000000,6,325,12,4
10101100000000,7,304,24,5
10101100000000,9,28,1,0
10621200000000,1,294,23,15
10621200000000,2,5257,374,279
10621200000000,3,111,12,9
10621200000000,4,853,65,57
10621200000000,5,14372,859,455
10621200000000,6,1313,91,52
10621200000000,7,17709,1303,847
10621200000000,9,1233,61,39
10621300000000,0,61,2,0
10621300000000,2,78,5,3
10621300000000,3,3,1,1
10621300000000,4,20,1,0
10621300000000,5,3666,223,40
10621300000000,6,44,1,1
10621300000000,7,461,32,11
10621600000000,2,229,16,13
10621600000000,5,1946,129,57
10621600000000,6,22,3,0
10621600000000,7,253,21,12
10621700000000,1,455,26,5
10621700000000,2,8170,639,402
10621700000000,3,224,11,5
10621700000000,4,309,33,24
10621700000000,5,48904,2503,926
10621700000000,6,6562,427,145
10621700000000,7,7924,527,312
10621700000000,9,973,27,13
10622600000000,1,5,1,1
10622600000000,2,39,11,9
10622600000000,4,2,1,1
10622600000000,5,725,135,36
10622600000000,7,410,95,50
10622600000000,9,35,10,4
10622700000000,0,31,4,2
10622700000000,1,29,4,2
10622700000000,2,111,8,4
10622700000000,4,47,9,2
10622700000000,5,8486,498,172
10622700000000,6,17,2,1
10622700000000,7,949,75,36
10622700000000,9,103,4,3
10622800000000,1,1,1,1
10622800000000,2,2,1,0
10622800000000,5,547,26,11
10622800000000,7,104,9,5
10623300000000,7,371,4,0
10623600000000,2,28,2,1
10623600000000,5,3700,198,70
10623800000000,0,3,1,0
10623800000000,2,19,2,0
10623800000000,5,714,50,0
10623800000000,6,44,10,0
10623800000000,7,92,10,0
10624100000000,0,101,1,1
10624100000000,2,1137,59,44
10624100000000,3,18,2,2
10624100000000,4,63,3,3
10624100000000,5,7796,501,220
10624100000000,6,172,8,4
10624100000000,7,1662,87,44
10624100000000,9,227,5,3
10624300000000,1,14,1,0
10624300000000,2,251,15,11
10624300000000,3,6,2,2
10624300000000,4,11,2,1
10624300000000,5,5750,344,107
10624300000000,6,25,5,3
10624300000000,7,372,29,13
10625400000000,0,3,1,1
10625400000000,1,3,2,2
10625400000000,2,38,2,2
10625400000000,5,530,74,72
10625400000000,6,17,6,6
10625400000000,7,65,11,11
10625500000000,1,19,2,0
10625500000000,2,24,4,0
10625500000000,5,610,54,0
10625500000000,6,33,3,0
10625500000000,7,159,18,0
10738100000000,5,2172,151,44
10738100000000,6,8,1,0
10738100000000,7,113,14,6
10739700000000,1,101,4,2
10739700000000,2,1951,130,77
10739700000000,3,35,4,1
10739700000000,4,181,12,8
10739700000000,5,8796,482,157
10739700000000,6,1509,91,33
10739700000000,7,2713,183,80
10739700000000,9,230,8,3
10740000000000,1,26,2,1
10740000000000,2,247,21,10
10740000000000,5,4178,224,62
10740000000000,7,496,26,12
10751300000000,0,13,1,0
10751300000000,2,2,1,1
10751300000000,5,3083,153,44
10751300000000,7,45,4,3
10752300000000,0,27,1,0
10752300000000,2,6,1,0
10752300000000,5,1788,102,5
10752800000000,1,197,19,0
10752800000000,2,12,1,1
10752800000000,4,9,1,0
10752800000000,5,179,16,5
10752800000000,6,17,3,3
10752800000000,7,882,86,41
10752800000000,9,13,1,0
10754100000000,1,5,1,0
10754100000000,5,1342,103,51
10754100000000,7,232,17,10
10756000000000,2,89,9,4
10756000000000,5,1170,109,47
10756000000000,7,151,26,13
10756000000000,9,8,1,0
10767800000000,1,49,1,0
10767800000000,2,228,29,18
10767800000000,4,4,1,0
10767800000000,5,2139,187,58
10767800000000,6,335,32,5
10767800000000,7,221,25,8
10767800000000,9,12,1,0
11101200000000,0,12,4,2
11101200000000,1,11,1,0
11101200000000,2,7,3,3
11101200000000,3,2,1,1
11101200000000,5,159,45,15
11101200000000,6,36,21,14
11101200000000,7,199,22,4
11101200000000,9,9,4,0
11626500000000,5,102,11,2
11626500000000,6,1,1,0
11626500000000,7,117,13,3
11626500000000,9,9,2,0
11626600000000,1,40,3,0
11626600000000,2,80,4,2
11626600000000,3,8,1,0
11626600000000,5,720,36,6
11626600000000,6,16,2,0
11626600000000,7,560,50,14
11754800000000,1,17,3,0
11754800000000,2,65,9,4
11754800000000,5,1376,100,16
11754800000000,6,10,2,0
11754800000000,7,768,62,6
11765600000000,5,626,46,19
11765600000000,6,3,1,1
11765600000000,7,76,17,9
12101200000000,0,4,1,1
12101200000000,1,15,1,0
12101200000000,2,12,2,2
12101200000000,4,1,1,1
12101200000000,5,56,7,2
12101200000000,7,276,43,25
12101200000000,9,41,6,3
12626900000000,0,11,4,0
12626900000000,1,88,18,7
12626900000000,2,29,9,6
12626900000000,3,13,4,3
12626900000000,5,159,36,11
12626900000000,6,12,2,0
12626900000000,7,1277,278,146
12626900000000,9,150,29,14
12628100000000,1,52,14,2
12628100000000,2,16,3,1
12628100000000,3,2,1,0
12628100000000,4,5,3,2
12628100000000,5,250,60,17
12628100000000,6,5,2,0
12628100000000,7,678,151,47
12628100000000,9,54,2,0
12629000000000,1,833,48,10
12629000000000,2,2,1,0
12629000000000,3,4,1,0
12629000000000,5,47,3,0
12629000000000,7,104,6,1
12629000000000,9,21,2,0
12629300000000,5,58,2,0
12629300000000,7,90,12,0
12630300000000,1,36,3,1
12630300000000,5,167,5,2
12630300000000,6,12,1,1
12630300000000,7,531,29,9
12630300000000,9,89,5,3
12630400000000,1,20,3,2
12630400000000,5,97,5,0
12630400000000,7,591,33,13
12753700000000,1,15,1,0
12753700000000,5,98,3,2
12753700000000,7,371,24,12
12753700000000,9,3,1,0
12753800000000,1,27,6,0
12753800000000,5,103,9,0
12753800000000,6,10,2,0
12753800000000,7,576,59,3
12753800000000,9,60,11,0
12755200000000,1,194,15,4
12755200000000,2,393,32,11
12755200000000,3,65,3,0
12755200000000,4,28,5,1
12755200000000,5,713,52,8
12755200000000,6,105,8,2
12755200000000,7,1884,173,54
12755200000000,9,263,10,1
13101300000000,5,506,14,0
13101300000000,7,19,1,0
13630800000000,1,1,1,0
13630800000000,2,12,4,4
13630800000000,4,5,1,1
13630800000000,5,1661,373,90
13630800000000,6,12,4,0
13630800000000,7,179,44,20
13630800000000,9,5,3,2
13631000000000,0,4,2,0
13631000000000,2,32,4,4
13631000000000,4,1,1,0
13631000000000,5,9179,689,172
13631000000000,7,42,5,2
13631100000000,2,3,1,1
13631100000000,5,1034,58,17
13631100000000,6,27,3,0
13631100000000,7,109,1,0
13631100000000,9,15,2,0
13631200000000,1,19,1,0
13631200000000,2,81,16,13
13631200000000,3,6,1,1
13631200000000,5,9523,817,210
13631200000000,6,114,9,2
13631200000000,7,414,46,19
13631200000000,9,21,1,1
13631500000000,5,1390,121,59
13631500000000,7,179,16,11
13631600000000,2,35,6,4
13631600000000,4,41,3,2
13631600000000,5,3155,191,59
13631600000000,6,57,5,2
13631600000000,7,580,41,16
13632100000000,1,341,7,0
13632100000000,5,399,15,0
13632100000000,6,6,1,0
13632100000000,7,47,1,0
14101400000000,0,7,2,0
14101400000000,1,16,5,0
14101400000000,2,14,5,0
14101400000000,3,4,1,0
14101400000000,4,5,1,0
14101400000000,5,1880,652,36
14101400000000,6,463,167,2
14101400000000,7,51,18,1
14632500000000,1,90,6,6
14632500000000,7,56,3,3
14632700000000,1,2,1,0
14632900000000,1,56,1,0
14632900000000,5,176,11,2
14632900000000,6,3,1,0
14632900000000,7,116,8,1
14633000000000,1,11,1,0
14633000000000,5,32,1,0
14633000000000,7,35,6,0
14766900000000,1,281,20,3
14766900000000,2,28,3,1
14766900000000,5,705,48,13
14766900000000,7,783,89,45
14766900000000,9,99,17,8
15101600000000,1,33,3,0
15101600000000,2,52,6,2
15101600000000,4,38,2,1
15101600000000,5,2675,254,31
15101600000000,6,321,33,0
15101600000000,7,1275,93,10
15101600000000,9,35,3,0
15634100000000,2,31,7,5
15634100000000,4,461,113,60
15634100000000,5,3625,817,304
15634100000000,6,29,12,4
15634100000000,7,73,18,7
15635300000000,0,612,13,3
15635300000000,1,235,52,20
15635300000000,2,971,218,141
15635300000000,3,57,13,7
15635300000000,4,455,95,62
15635300000000,5,23364,5097,1455
15635300000000,6,2230,498,126
15635300000000,7,8922,2007,753
15635300000000,9,472,121,45
15636300000000,0,11,1,0
15636300000000,2,70,3,0
15636300000000,3,13,1,0
15636300000000,4,28,3,0
15636300000000,5,718,34,1
15636300000000,6,236,6,0
15636300000000,7,1307,60,2
15636300000000,9,21,1,0
15636800000000,2,13,1,0
15636800000000,3,8,1,0
15636800000000,4,13,2,1
15636800000000,5,1147,58,13
15636800000000,6,747,22,2
15636800000000,7,630,40,12
15636800000000,9,118,9,2
15636900000000,1,47,1,0
15636900000000,2,124,5,2
15636900000000,4,174,5,0
15636900000000,5,1625,24,11
15636900000000,6,168,11,6
15636900000000,7,3271,70,30
15636900000000,9,409,19,7
15637800000000,0,75,2,0
15637800000000,3,12,1,0
15637800000000,4,27,4,1
15637800000000,5,1651,97,3
15637800000000,6,322,16,1
15637800000000,7,1106,67,5
15638200000000,1,23,5,1
15638200000000,2,6,3,2
15638200000000,3,13,1,0
15638200000000,5,423,99,29
15638200000000,6,10,3,1
15638200000000,7,563,114,35
15638200000000,9,20,4,0
15638300000000,2,42,2,1
15638300000000,4,22,3,1
15638300000000,5,2167,56,12
15638300000000,6,70,8,4
15638300000000,7,2725,178,48
15638300000000,9,46,2,1
15638600000000,1,4,3,0
15638600000000,2,5,1,1
15638600000000,5,1593,333,66
15638600000000,6,40,13,4
15638600000000,7,96,25,8
15737400000000,1,74,1,1
15737400000000,2,124,16,10
15737400000000,3,49,8,1
15737400000000,4,103,7,4
15737400000000,5,1285,84,17
15737400000000,6,264,14,2
15737400000000,7,2965,201,47
15737400000000,9,80,6,1
15739100000000,4,11,3,2
15739100000000,5,3396,209,79
15739100000000,6,10,1,0
15739100000000,7,37,4,1
15751700000000,0,22,2,1
15751700000000,2,4,1,1
15751700000000,3,3,1,0
15751700000000,5,257,18,7
15751700000000,6,8,2,0
15751700000000,7,405,35,6
15751700000000,9,36,1,1
16101700000000,5,250,11,0
16101700000000,6,36,1,0
16101700000000,7,86,5,0
16638800000000,0,62,1,0
16638800000000,1,183,5,0
16638800000000,2,51,2,0
16638800000000,4,76,1,0
16638800000000,5,1784,34,0
16638800000000,6,208,5,0
16638800000000,7,1110,45,0
16638800000000,9,62,2,0
16638900000000,0,6,1,0
16638900000000,4,9,1,0
16638900000000,5,2963,123,44
16638900000000,6,93,7,1
16638900000000,7,205,15,6
16639300000000,1,23,3,0
16639300000000,2,64,19,11
16639300000000,3,10,2,1
16639300000000,4,57,16,8
16639300000000,5,2508,548,118
16639300000000,6,225,61,15
16639300000000,7,1295,253,98
16639300000000,9,36,3,1
16639800000000,1,81,9,0
16639800000000,2,31,6,4
16639800000000,3,8,1,1
16639800000000,4,124,27,10
16639800000000,5,1229,260,79
16639800000000,6,144,33,11
16639800000000,7,698,175,78
16639800000000,9,25,2,0
16739300000000,2,47,4,0
16739300000000,5,2520,120,2
16739300000000,6,4,2,0
16739300000000,7,32,2,0
17101700000000,1,8,1,0
17101700000000,7,19,2,0
17640100000000,1,48,1,1
17640100000000,5,686,47,18
17640100000000,6,13,1,0
17640100000000,7,831,67,18
17640100000000,9,59,4,1
17640200000000,1,92,5,2
17640200000000,2,16,2,1
17640200000000,5,1147,44,13
17640200000000,6,109,7,1
17640200000000,7,1515,74,11
17640200000000,9,224,11,4
17640300000000,1,138,9,0
17640300000000,2,19,1,0
17640300000000,4,16,1,1
17640300000000,5,456,34,8
17640300000000,6,21,2,0
17640300000000,7,846,74,30
17640300000000,9,59,8,4
17640600000000,0,22,1,0
17640600000000,2,11,2,1
17640600000000,3,7,1,1
17640600000000,5,520,27,11
17640600000000,6,14,2,0
17640600000000,7,1444,91,25
17640600000000,9,77,2,1
17640700000000,1,29,7,0
17640700000000,2,2,2,1
17640700000000,3,1,1,0
17640700000000,5,80,19,5
17640700000000,7,162,40,6
17640700000000,9,25,6,1
18101800000000,7,24,2,2
18640900000000,1,8,1,0
18640900000000,5,28,1,0
18640900000000,7,149,14,1
18641400000000,1,58,12,2
18641400000000,2,7,2,0
18641400000000,3,15,1,0
18641400000000,4,8,2,2
18641400000000,5,141,28,6
18641400000000,6,10,2,0
18641400000000,7,629,150,34
18641400000000,9,5,2,0
18641600000000,0,19,2,1
18641600000000,1,22,5,0
18641600000000,5,84,9,0
18641600000000,7,516,49,2
18642000000000,1,90,4,0
18642000000000,5,275,12,2
18642000000000,6,18,1,0
18642000000000,7,863,53,5
18750400000000,1,13,1,1
18750400000000,5,45,3,3
18750400000000,7,244,25,25
19102000000000,1,35,3,0
19102000000000,2,168,4,0
19102000000000,3,13,2,0
19102000000000,4,79,8,2
19102000000000,5,5505,542,56
19102000000000,6,1362,115,0
19102000000000,7,793,24,2
19102000000000,9,138,3,0
19642100000000,0,54,1,0
19642100000000,1,65,3,0
19642100000000,2,5172,487,334
19642100000000,3,164,12,2
19642100000000,4,2410,193,95
19642100000000,5,9428,658,152
19642100000000,6,1846,151,52
19642100000000,7,1450,116,41
19642100000000,9,409,26,12
19642500000000,0,70,2,0
19642500000000,1,144,24,2
19642500000000,2,387,95,39
19642500000000,3,56,14,3
19642500000000,4,354,86,30
19642500000000,5,14496,2871,648
19642500000000,6,4494,789,157
19642500000000,7,3979,931,264
19642500000000,9,639,83,25
19642600000000,2,6226,582,418
19642600000000,3,11,1,1
19642600000000,4,303,28,18
19642600000000,5,1345,119,46
19642600000000,6,187,21,8
19642600000000,7,1468,131,80
19642600000000,9,24,2,1
19642800000000,1,23,1,0
19642800000000,2,73,8,5
19642800000000,3,6,1,0
19642800000000,4,120,14,6
19642800000000,5,8546,588,151
19642800000000,6,118,2,1
19642800000000,7,345,27,7
19642800000000,9,44,3,2
19642900000000,0,6,2,0
19642900000000,1,51,8,0
19642900000000,2,765,63,42
19642900000000,3,33,6,0
19642900000000,4,329,33,10
19642900000000,5,15842,1531,296
19642900000000,6,592,104,2
19642900000000,7,610,127,0
19642900000000,9,88,29,0
19643000000000,1,61,2,0
19643000000000,2,598,35,23
19643000000000,3,130,13,1
19643000000000,4,613,57,36
19643000000000,5,11993,884,280
19643000000000,6,1820,160,32
19643000000000,7,1541,140,49
19643000000000,9,344,17,5
19643100000000,2,529,49,35
19643100000000,4,41,9,4
19643100000000,5,319,35,15
19643100000000,6,142,26,15
19643100000000,7,3067,297,196
19643100000000,9,95,2,2
19643300000000,0,202,13,6
19643300000000,1,22,3,1
19643300000000,2,528,34,24
19643300000000,4,236,10,8
19643300000000,5,5108,375,152
19643300000000,6,317,30,10
19643300000000,7,3210,263,129
19643300000000,9,508,39,18
19643400000000,0,166,8,1
19643400000000,2,865,81,58
19643400000000,3,22,1,0
19643400000000,4,634,80,46
19643400000000,5,6374,615,144
19643400000000,6,448,46,13
19643400000000,7,7289,675,298
19643400000000,9,494,28,12
19643500000000,0,412,5,4
19643500000000,1,28,3,0
19643500000000,2,284,45,26
19643500000000,3,71,15,3
19643500000000,4,153,18,9
19643500000000,5,6535,1087,333
19643500000000,6,1285,261,77
19643500000000,7,1447,48,20
19643500000000,9,231,21,6
19643800000000,1,31,2,1
19643800000000,2,233,17,13
19643800000000,3,22,1,0
19643800000000,4,124,10,4
19643800000000,5,3261,301,120
19643800000000,6,170,13,5
19643800000000,7,1167,104,38
19643800000000,9,150,20,10
19643900000000,0,219,17,10
19643900000000,1,15,4,3
19643900000000,2,639,61,51
19643900000000,3,14,1,0
19643900000000,4,105,7,5
19643900000000,5,2801,226,138
19643900000000,6,384,29,17
19643900000000,7,2493,219,151
19643900000000,9,376,26,16
19644400000000,1,57,2,0
19644400000000,2,1358,132,110
19644400000000,3,60,8,1
19644400000000,4,456,40,29
19644400000000,5,12153,998,485
19644400000000,6,1458,155,80
19644400000000,7,3041,247,157
19644400000000,9,431,7,2
19644500000000,1,52,9,1
19644500000000,2,413,56,48
19644500000000,3,51,3,2
19644500000000,4,229,30,17
19644500000000,5,20002,1834,721
19644500000000,6,650,63,22
19644500000000,7,1211,142,71
19644500000000,9,90,3,1
19644700000000,0,13,1,0
19644700000000,1,6,1,0
19644700000000,2,128,15,6
19644700000000,4,164,18,10
19644700000000,5,2958,287,72
19644700000000,6,204,29,12
19644700000000,7,340,37,16
19644700000000,9,77,5,1
19645200000000,1,13,4,2
19645200000000,2,1833,450,335
19645200000000,3,3,2,1
19645200000000,4,12,4,3
19645200000000,5,7262,1538,537
19645200000000,6,24,5,1
19645200000000,7,150,26,9
19645200000000,9,91,22,15
19645300000000,0,8,1,0
19645300000000,1,11,1,0
19645300000000,2,29,4,3
19645300000000,4,34,3,3
19645300000000,5,8930,708,280
19645300000000,6,29,2,1
19645300000000,7,82,6,1
19645300000000,9,5,1,0
19645400000000,1,17,4,0
19645400000000,2,234,17,15
19645400000000,3,21,1,1
19645400000000,4,52,11,10
19645400000000,5,268,10,3
19645400000000,6,147,17,8
19645400000000,7,2308,238,165
19645400000000,9,427,34,23
19645700000000,1,46,5,1
19645700000000,2,3102,286,233
19645700000000,3,26,5,5
19645700000000,4,1682,156,89
19645700000000,5,6041,440,138
19645700000000,6,337,21,8
19645700000000,7,14391,1141,564
19645700000000,9,543,13,3
19645800000000,0,47,2,0
19645800000000,1,38,4,2
19645800000000,2,604,41,25
19645800000000,3,19,3,0
19645800000000,4,212,21,17
19645800000000,5,3816,300,88
19645800000000,6,208,19,5
19645800000000,7,4517,405,159
19645800000000,9,322,26,13
19645900000000,2,178,9,9
19645900000000,3,121,1,1
19645900000000,4,144,5,4
19645900000000,5,6255,80,56
19645900000000,6,1843,10,6
19645900000000,7,191,2,2
19645900000000,9,39,2,2
19646300000000,0,35,2,1
19646300000000,1,94,1,0
19646300000000,2,42,2,2
19646300000000,3,58,3,0
19646300000000,4,40,3,1
19646300000000,5,7717,420,132
19646300000000,6,5448,265,73
19646300000000,9,52,1,0
19646600000000,1,9,2,0
19646600000000,2,1068,80,70
19646600000000,5,468,42,22
19646600000000,7,2141,208,161
19646600000000,9,285,22,21
19646800000000,1,78,4,0
19646800000000,2,768,59,40
19646800000000,3,15,3,1
19646800000000,4,96,8,6
19646800000000,5,1113,71,34
19646800000000,6,258,19,12
19646800000000,7,8593,750,472
19646800000000,9,330,15,12
19646900000000,0,92,2,2
19646900000000,2,305,10,10
19646900000000,3,56,1,1
19646900000000,5,4736,75,75
19646900000000,6,620,10,10
19646900000000,7,297,6,6
19647100000000,0,218,1,1
19647100000000,2,25,1,1
19647100000000,5,6410,241,233
19647300000000,0,4764,228,88
19647300000000,1,1650,110,54
19647300000000,2,30282,2189,1513
19647300000000,3,3342,208,75
19647300000000,4,15157,1465,930
19647300000000,5,520677,29926,14413
19647300000000,6,68309,4253,1877
19647300000000,7,74538,4451,2614
19647300000000,9,7673,259,155
19647700000000,3,60,4,2
19647700000000,4,35,1,0
19647700000000,5,15954,861,366
19647700000000,6,735,57,14
19647700000000,7,1016,5,2
19647900000000,1,20,2,1
19647900000000,2,214,18,15
19647900000000,4,172,12,7
19647900000000,5,3649,236,93
19647900000000,6,425,33,12
19647900000000,7,1304,119,74
19647900000000,9,104,6,5
19648100000000,1,59,2,2
19648100000000,2,526,40,35
19648100000000,3,27,2,2
19648100000000,4,99,6,4
19648100000000,5,27818,2002,603
19648100000000,6,81,5,4
19648100000000,7,362,41,18
19648100000000,9,60,5,2
19648400000000,0,64,3,3
19648400000000,1,41,2,0
19648400000000,2,681,46,32
19648400000000,3,98,9,3
19648400000000,4,548,41,24
19648400000000,5,15034,1093,359
19648400000000,6,467,43,9
19648400000000,7,1805,162,58
19648400000000,9,222,15,11
19648600000000,0,88,1,1
19648600000000,1,208,4,0
19648600000000,2,149,2,1
19648600000000,3,35,1,0
19648600000000,5,15954,99,11
19648600000000,6,3654,20,3
19648600000000,7,1537,24,1
19648700000000,1,38,4,2
19648700000000,2,3272,282,240
19648700000000,3,146,13,5
19648700000000,4,381,40,28
19648700000000,5,14978,1072,396
19648700000000,6,1621,138,38
19648700000000,7,6163,654,510
19648700000000,9,697,15,12
19648800000000,0,206,12,1
19648800000000,1,68,2,0
19648800000000,2,868,31,23
19648800000000,3,44,4,0
19648800000000,4,327,24,14
19648800000000,5,10837,703,258
19648800000000,6,2609,231,70
19648800000000,7,3215,184,109
19648800000000,9,412,29,24
19649100000000,0,47,1,1
19649100000000,1,38,1,0
19649100000000,2,934,88,54
19649100000000,3,29,3,1
19649100000000,4,313,26,18
19649100000000,5,21512,1299,477
19649100000000,6,1227,113,45
19649100000000,7,961,66,36
19649100000000,9,250,23,11
19649600000000,2,1767,151,112
19649600000000,3,5,1,1
19649600000000,4,41,3,3
19649600000000,5,315,25,14
19649600000000,6,21,2,1
19649600000000,7,797,68,58
19649600000000,9,192,9,8
19649800000000,2,657,65,62
19649800000000,3,31,3,3
19649800000000,4,83,8,8
19649800000000,5,3341,263,188
19649800000000,6,729,66,34
19649800000000,7,5791,426,362
19649800000000,9,610,34,28
19650300000000,0,28,2,1
19650300000000,1,16,1,1
19650300000000,2,1605,153,136
19650300000000,4,120,9,6
19650300000000,5,1154,84,44
19650300000000,6,79,12,8
19650300000000,7,1411,97,82
19650300000000,9,346,9,5
19650500000000,1,24,1,0
19650500000000,2,4047,354,254
19650500000000,3,23,1,1
19650500000000,4,306,9,5
19650500000000,5,4023,105,29
19650500000000,6,356,2,1
19650500000000,7,2219,53,32
19650500000000,9,392,16,10
19650600000000,0,325,27,14
19650600000000,1,72,14,4
19650600000000,2,7123,636,454
19650600000000,3,141,16,7
19650600000000,4,1210,139,91
19650600000000,5,6686,545,204
19650600000000,6,951,110,45
19650600000000,7,5831,549,268
19650600000000,9,1608,93,48
19650900000000,0,44,5,1
19650900000000,1,48,3,1
19650900000000,2,1224,106,68
19650900000000,3,61,1,0
19650900000000,4,538,58,33
19650900000000,5,8999,680,207
19650900000000,6,1066,75,6
19650900000000,7,2164,192,20
19650900000000,9,69,7,2
19651300000000,1,33,15,6
19651300000000,2,130,33,28
19651300000000,3,20,7,4
19651300000000,4,129,40,23
19651300000000,5,11417,2557,1284
19651300000000,6,111,32,15
19651300000000,7,1118,249,132
19651300000000,9,23,1,0
19651400000000,0,55,9,3
19651400000000,1,76,13,5
19651400000000,2,1615,251,202
19651400000000,3,40,13,4
19651400000000,4,1162,209,153
19651400000000,5,10225,1521,533
19651400000000,6,1354,222,74
19651400000000,7,11312,1998,1147
19651400000000,9,1144,145,83
19734400000000,0,15,1,1
19734400000000,1,33,1,1
19734400000000,3,150,10,1
19734400000000,4,14,1,0
19734400000000,5,17494,762,232
19734400000000,6,4249,220,36
19734400000000,7,74,2,0
19734400000000,9,64,1,0
19734500000000,0,141,1,0
19734500000000,1,141,8,1
19734500000000,2,5429,528,330
19734500000000,3,109,10,2
19734500000000,4,1539,138,76
19734500000000,5,25115,1697,404
19734500000000,6,580,37,9
19734500000000,7,1401,112,35
19734500000000,9,242,11,7
19734600000000,1,13,2,0
19734600000000,2,8324,871,662
19734600000000,3,103,15,10
19734600000000,4,784,71,47
19734600000000,5,3333,331,138
19734600000000,6,347,42,15
19734600000000,7,1280,136,65
19734600000000,9,344,10,7
19752900000000,0,79,2,0
19752900000000,1,20,3,0
19752900000000,2,2744,4,0
19752900000000,5,2666,213,0
19752900000000,6,121,13,0
19752900000000,7,507,57,0
19752900000000,9,112,17,0
19753100000000,0,108,2,0
19753100000000,1,33,2,0
19753100000000,2,179,9,3
19753100000000,4,97,2,0
19753100000000,5,1382,71,9
19753100000000,6,358,19,1
19753100000000,7,1774,81,17
19753100000000,9,92,2,1
19753300000000,0,25,5,5
19753300000000,1,12,1,1
19753300000000,2,681,70,70
19753300000000,3,16,2,2
19753300000000,4,70,3,3
19753300000000,5,783,104,103
19753300000000,6,168,21,21
19753300000000,7,4377,354,354
19753300000000,9,758,66,66
19753400000000,1,41,1,1
19753400000000,2,960,74,56
19753400000000,3,78,9,2
19753400000000,4,240,13,9
19753400000000,5,2170,168,69
19753400000000,6,542,64,32
19753400000000,7,4729,299,185
19753400000000,9,603,15,6
19756600000000,7,274,1,0
19756600000000,9,61,1,0
19757000000000,0,3,1,0
19757000000000,1,1,1,1
19757000000000,5,533,66,38
19757000000000,6,46,6,2
19757000000000,7,77,11,5
19757000000000,9,19,1,0
19757100000000,1,40,2,2
19757100000000,2,8872,1096,726
19757100000000,4,329,28,20
19757100000000,5,7453,662,193
19757100000000,6,119,9,6
19757100000000,7,347,31,8
19757100000000,9,364,28,18
19765000000000,5,372,34,34
19765000000000,6,101,14,14
19768700000000,2,141,13,13
19768700000000,3,26,2,2
19768700000000,4,61,4,4
19768700000000,5,2262,118,116
19768700000000,6,634,39,38
19768700000000,7,660,38,36
19768700000000,9,230,5,5
19768900000000,5,109,30,17
19768900000000,9,1,1,0
20102100000000,1,8,1,0
20102100000000,5,768,145,0
20102100000000,6,22,2,0
20102100000000,7,142,16,0
20102100000000,9,12,2,0
20652000000000,1,13,3,1
20652000000000,2,16,2,1
20652000000000,4,6,3,1
20652000000000,5,592,120,36
20652000000000,6,31,5,0
20652000000000,7,365,76,30
20652400000000,0,17,4,3
20652400000000,1,93,2,1
20652400000000,2,228,21,12
20652400000000,3,12,1,0
20652400000000,4,40,3,3
20652400000000,5,18023,906,322
20652400000000,6,399,21,7
20652400000000,7,1523,135,67
20652400000000,9,80,1,1
20755800000000,1,28,2,1
20755800000000,2,45,2,0
20755800000000,4,10,1,0
20755800000000,5,718,54,19
20755800000000,6,25,2,0
20755800000000,7,1068,77,26
20756100000000,1,75,7,0
20756100000000,2,8,1,0
20756100000000,5,207,21,0
20756100000000,6,8,2,0
20756100000000,7,678,87,0
20756100000000,9,91,13,0
20764100000000,0,1,1,0
20764100000000,1,76,11,3
20764100000000,2,15,2,2
20764100000000,4,4,1,1
20764100000000,5,359,42,9
20764100000000,7,1373,123,43
20764100000000,9,143,10,3
21102200000000,2,14,2,0
21102200000000,5,82,10,0
21102200000000,6,40,2,0
21102200000000,7,134,4,0
21102200000000,9,6,1,0
21654200000000,0,10,1,1
21654200000000,1,52,3,1
21654200000000,2,377,31,23
21654200000000,4,79,4,2
21654200000000,5,2741,160,35
21654200000000,6,228,16,3
21654200000000,7,4114,351,194
21654200000000,9,407,26,14
21654700000000,0,3,1,0
21654700000000,1,24,2,0
21654700000000,2,172,1,0
21654700000000,4,34,1,0
21654700000000,5,1419,25,0
21654700000000,7,1006,4,0
21654800000000,0,122,1,0
21654800000000,1,12,1,1
21654800000000,2,214,36,32
21654800000000,3,13,3,1
21654800000000,4,32,7,5
21654800000000,5,433,99,51
21654800000000,6,116,29,6
21654800000000,7,3050,664,537
21654800000000,9,173,60,47
21733600000000,3,5,1,0
21733600000000,5,288,25,11
21733600000000,7,208,22,11
21733600000000,9,2,1,0
22102200000000,5,10,1,0
22102200000000,7,43,2,0
22655300000000,0,17,2,0
22655300000000,1,77,4,1
22655300000000,2,24,1,1
22655300000000,4,14,2,0
22655300000000,5,278,19,7
22655300000000,6,15,5,0
22655300000000,7,1292,95,31
22655300000000,9,88,6,2
23102300000000,5,39,2,0
23102300000000,7,34,3,0
23655400000000,1,1,1,0
23655400000000,5,407,41,14
23655400000000,7,125,8,3
23655600000000,5,150,1,1
23655600000000,7,144,2,2
23655700000000,1,21,1,0
23655700000000,2,16,1,1
23655700000000,4,4,1,1
23655700000000,5,816,46,11
23655700000000,7,947,52,15
23655700000000,9,92,6,5
23655800000000,1,9,2,0
23655800000000,2,17,2,0
23655800000000,5,52,1,0
23655800000000,6,10,3,3
23655800000000,7,440,31,12
23655800000000,9,10,3,1
23656000000000,1,18,5,0
23656000000000,4,1,1,1
23656000000000,5,73,16,3
23656000000000,7,57,18,3
23656000000000,9,3,1,0
23656100000000,1,252,11,0
23656100000000,5,87,3,0
23656100000000,7,50,5,0
23656200000000,0,36,2,0
23656200000000,1,583,37,4
23656200000000,2,88,10,6
23656200000000,3,16,3,1
23656200000000,4,40,6,5
23656200000000,5,3546,218,38
23656200000000,6,83,9,0
23656200000000,7,3729,300,73
23656200000000,9,170,8,1
23738700000000,1,7,1,0
23738700000000,5,94,7,1
23738700000000,7,121,10,2
23739200000000,1,48,2,0
23739200000000,5,57,3,0
23739200000000,6,2,1,1
23739200000000,7,252,14,6
23739200000000,9,35,1,1
23752200000000,1,5,1,0
23752200000000,5,5,2,0
23752200000000,7,79,2,0
24102500000000,2,41,2,0
24102500000000,5,896,173,0
24102500000000,6,69,8,0
24102500000000,7,244,38,0
24102500000000,9,28,3,1
24657000000000,1,12,1,0
24657000000000,2,18,3,1
24657000000000,5,928,60,11
24657000000000,6,10,1,1
24657000000000,7,1262,103,37
24657300000000,0,36,7,4
24657300000000,4,2,1,1
24657300000000,5,437,87,38
24657300000000,7,25,3,2
24657300000000,9,2,1,0
24657600000000,1,51,3,0
24657600000000,2,165,8,5
24657600000000,3,84,4,1
24657600000000,4,81,11,6
24657600000000,5,8535,555,177
24657600000000,6,221,20,8
24657600000000,7,1828,113,53
24657600000000,9,139,7,6
24657900000000,1,43,7,0
24657900000000,2,1049,282,161
24657900000000,3,9,1,0
24657900000000,4,94,19,12
24657900000000,5,6497,1344,399
24657900000000,6,391,80,21
24657900000000,7,1810,391,150
24657900000000,9,134,46,12
24736200000000,2,14,2,1
24736200000000,5,1469,93,26
24736200000000,7,316,32,15
24753200000000,0,4,1,0
24753200000000,2,9,1,1
24753200000000,5,1743,135,27
24753200000000,6,73,5,0
24753200000000,7,382,31,9
24753700000000,2,86,7,4
24753700000000,3,4,1,0
24753700000000,4,4,1,1
24753700000000,5,2379,148,43
24753700000000,6,16,1,0
24753700000000,7,189,15,6
25102600000000,0,1,1,0
25102600000000,6,5,1,1
25102600000000,7,11,2,0
25659000000000,1,15,1,0
25659000000000,5,23,2,2
25659000000000,7,72,3,1
25735900000000,1,62,2,0
25735900000000,5,465,40,8
25735900000000,6,17,1,1
25735900000000,7,699,36,12
25735900000000,9,15,2,1
26102600000000,0,2,2,0
26102600000000,1,12,5,0
26102600000000,2,23,5,0
26102600000000,3,3,2,0
26102600000000,5,236,150,0
26102600000000,6,90,36,0
26102600000000,7,153,41,0
26736700000000,1,32,3,0
26736700000000,5,153,13,7
26736700000000,7,200,15,11
26736900000000,4,4,1,1
26736900000000,5,700,32,11
26736900000000,7,445,26,18
26736900000000,9,23,3,3
27102700000000,0,22,2,0
27102700000000,2,32,1,0
27102700000000,4,34,1,0
27102700000000,5,999,105,0
27102700000000,6,29,2,0
27102700000000,7,591,37,0
27659900000000,0,41,2,1
27659900000000,1,9,3,3
27659900000000,2,86,3,1
27659900000000,3,5,1,1
27659900000000,5,457,32,13
27659900000000,6,13,1,0
27659900000000,7,1635,140,102
27659900000000,9,239,16,12
27660700000000,1,4,2,1
27660700000000,2,8,2,0
27660700000000,5,1864,387,35
27660700000000,6,10,2,0
27660700000000,7,114,26,6
27660900000000,1,27,1,0
27660900000000,2,526,47,34
27660900000000,3,229,26,12
27660900000000,4,455,30,17
27660900000000,5,5945,317,125
27660900000000,6,611,58,28
27660900000000,7,2177,143,80
27660900000000,9,682,44,24
27661300000000,0,42,3,2
27661300000000,2,147,14,11
27661300000000,3,18,3,2
27661300000000,4,29,1,1
27661300000000,5,371,21,8
27661300000000,6,43,2,2
27661300000000,7,1238,95,54
27661300000000,9,120,4,3
27661600000000,1,28,4,1
27661600000000,2,154,40,25
27661600000000,3,35,8,1
27661600000000,4,415,74,37
27661600000000,5,12263,1630,488
27661600000000,6,152,31,12
27661600000000,7,1320,240,128
27661600000000,9,68,11,5
27738300000000,1,13,1,0
27738300000000,2,18,2,0
27738300000000,4,35,3,1
27738300000000,5,3735,212,62
27738300000000,7,627,58,13
27738300000000,9,22,5,1
27751500000000,5,20,2,0
27751500000000,7,62,1,0
27754400000000,3,3,1,0
27754400000000,4,47,3,3
27754400000000,5,4666,291,72
27754400000000,6,18,1,0
27754400000000,7,112,7,3
27754700000000,3,8,1,0
27754700000000,5,2376,169,53
27754700000000,6,6,1,1
27754700000000,7,57,5,1
27754700000000,9,6,1,0
28102800000000,5,98,28,0
28102800000000,6,3,1,0
28102800000000,7,33,15,0
28102800000000,9,3,1,0
28662400000000,0,26,2,0
28662400000000,5,672,46,19
28662400000000,6,3,1,0
28662400000000,7,119,9,2
28662700000000,0,63,2,1
28662700000000,1,77,7,2
28662700000000,2,411,37,27
28662700000000,3,71,5,3
28662700000000,4,1256,102,77
28662700000000,5,9880,589,182
28662700000000,6,479,37,18
28662700000000,7,5653,411,221
28662700000000,9,720,66,33
28662900000000,1,8,1,1
28662900000000,2,16,1,1
28662900000000,4,3,1,1
28662900000000,5,671,59,28
28662900000000,6,8,4,1
28662900000000,7,552,52,31
29103000000000,0,133,57,0
29103000000000,1,71,8,0
29103000000000,2,27,11,0
29103000000000,3,15,3,0
29103000000000,4,12,6,0
29103000000000,5,1251,431,4
29103000000000,6,377,152,0
29103000000000,7,1736,246,34
29103000000000,9,69,26,0
29663600000000,1,46,10,2
29663600000000,2,33,7,3
29663600000000,3,6,3,0
29663600000000,4,6,1,0
29663600000000,5,262,52,13
29663600000000,6,21,6,0
29663600000000,7,2525,540,190
29663600000000,9,104,19,5
30103100000000,0,112,11,0
30103100000000,1,45,17,0
30103100000000,2,409,66,0
30103100000000,4,30,1,0
30103100000000,5,3187,698,0
30103100000000,6,108,23,0
30103100000000,7,1249,269,0
30103100000000,9,140,31,0
30664300000000,1,162,11,4
30664300000000,2,3895,647,469
30664300000000,3,182,27,10
30664300000000,4,1295,216,139
30664300000000,5,20821,2905,815
30664300000000,6,778,120,36
30664300000000,7,3646,650,241
30664300000000,9,878,103,40
30664500000000,1,15,2,1
30664500000000,2,1156,95,65
30664500000000,3,29,4,3
30664500000000,4,202,23,15
30664500000000,5,2173,166,65
30664500000000,6,101,6,3
30664500000000,7,2153,206,121
30664500000000,9,147,2,1
30664600000000,0,930,5,0
30664600000000,1,148,17,11
30664600000000,2,3736,228,183
30664600000000,3,100,8,4
30664600000000,4,1201,90,64
30664600000000,5,17137,928,282
30664600000000,6,930,51,16
30664600000000,7,31400,2687,1617
30664600000000,9,3439,215,122
30665100000000,0,1,2,0
30665100000000,1,82,5,3
30665100000000,2,5533,670,575
30665100000000,3,70,6,5
30665100000000,4,802,124,98
30665100000000,5,14747,1732,610
30665100000000,6,522,67,24
30665100000000,7,5537,684,371
30665100000000,9,780,51,30
30665200000000,0,252,8,2
30665200000000,1,61,7,4
30665200000000,2,15420,1274,937
30665200000000,3,333,24,8
30665200000000,4,515,39,25
30665200000000,5,24960,1702,668
30665200000000,6,287,23,7
30665200000000,7,4139,377,206
30665200000000,9,210,5,3
30665500000000,0,333,71,43
30665500000000,1,622,212,123
30665500000000,2,3966,964,749
30665500000000,3,109,24,11
30665500000000,4,188,35,25
30665500000000,5,4357,848,397
30665500000000,6,186,37,14
30665500000000,7,6408,1502,926
30665500000000,9,174,51,28
30665600000000,2,206,3,3
30665600000000,5,4676,17,12
30665600000000,6,88,2,1
30665600000000,7,2827,194,142
30665600000000,9,168,5,2
30666000000000,1,50,6,3
30666000000000,2,941,71,54
30666000000000,3,119,10,7
30666000000000,4,198,19,14
30666000000000,5,9764,652,253
30666000000000,6,232,24,8
30666000000000,7,10027,843,589
30666000000000,9,574,15,9
30666200000000,0,265,4,3
30666200000000,1,74,7,3
30666200000000,2,2758,223,145
30666200000000,3,102,11,3
30666200000000,4,589,44,25
30666200000000,5,15860,1030,180
30666200000000,6,391,34,9
30666200000000,7,8950,773,333
30666200000000,9,484,35,21
30666500000000,0,114,9,5
30666500000000,1,46,7,4
30666500000000,2,3412,280,218
30666500000000,3,44,4,2
30666500000000,4,525,36,23
30666500000000,5,10406,695,232
30666500000000,6,384,46,25
30666500000000,7,10118,944,548
30666500000000,9,546,18,11
30666700000000,1,85,4,2
30666700000000,2,1430,142,121
30666700000000,3,61,4,3
30666700000000,4,164,20,16
30666700000000,5,53039,3307,1393
30666700000000,6,184,17,11
30666700000000,7,1490,214,179
30666700000000,9,350,42,40
30736400000000,0,307,13,8
30736400000000,1,109,18,8
30736400000000,2,6185,439,351
30736400000000,3,166,23,7
30736400000000,4,1517,142,73
30736400000000,5,20809,1436,540
30736400000000,6,919,78,28
30736400000000,7,20977,1874,1151
30736400000000,9,2098,107,64
30736500000000,0,68,5,2
30736500000000,1,75,6,3
30736500000000,2,14130,986,825
30736500000000,3,96,4,1
30736500000000,4,975,86,61
30736500000000,5,3341,206,87
30736500000000,6,662,45,20
30736500000000,7,10019,805,495
30736500000000,9,2026,101,64
30739200000000,1,21,1,1
30739200000000,2,1180,70,62
30739200000000,3,61,5,5
30739200000000,4,274,19,14
30739200000000,5,2372,139,81
30739200000000,6,284,22,13
30739200000000,7,5117,422,291
30739200000000,9,565,26,17
30768900000000,2,12,1,1
30768900000000,5,78,2,2
30768900000000,7,57,1,1
31103100000000,1,17,1,0
31103100000000,5,139,14,0
31103100000000,6,22,4,0
31103100000000,7,495,43,0
31668500000000,5,550,1,0
31668500000000,6,57,1,0
31668500000000,7,4213,12,0
31668900000000,0,22,12,7
31668900000000,1,60,16,5
31668900000000,2,28,7,7
31668900000000,3,7,2,1
31668900000000,4,29,7,5
31668900000000,5,584,121,46
31668900000000,6,30,5,0
31668900000000,7,3881,743,342
31668900000000,9,297,62,27
31669300000000,0,42,10,7
31669300000000,1,53,16,10
31669300000000,2,745,175,142
31669300000000,3,51,6,2
31669300000000,4,367,95,83
31669300000000,5,1818,378,222
31669300000000,6,386,80,54
31669300000000,7,6168,1462,1086
31669300000000,9,593,126,90
31669400000000,0,14,2,2
31669400000000,1,36,3,1
31669400000000,2,33,1,0
31669400000000,5,1481,80,22
31669400000000,6,19,2,1
31669400000000,7,2343,145,94
31669400000000,9,46,2,0
31669500000000,0,83,9,3
31669500000000,1,105,14,3
31669500000000,2,285,14,7
31669500000000,3,38,3,1
31669500000000,4,187,10,6
31669500000000,5,2425,170,55
31669500000000,6,195,22,0
31669500000000,7,5565,431,93
31669500000000,9,233,13,6
31750900000000,0,64,2,1
31750900000000,1,61,4,1
31750900000000,2,906,57,45
31750900000000,3,54,7,5
31750900000000,4,389,41,37
31750900000000,5,1736,151,89
31750900000000,6,192,13,8
31750900000000,7,8509,678,463
31750900000000,9,827,64,43
32103200000000,1,3,1,0
32103200000000,7,22,2,0
32669700000000,1,87,9,2
32669700000000,2,11,2,1
32669700000000,5,275,20,5
32669700000000,6,21,1,0
32669700000000,7,1640,121,35
32669700000000,9,84,3,0
33103300000000,0,9,3,0
33103300000000,1,54,7,3
33103300000000,2,110,11,1
33103300000000,3,19,2,1
33103300000000,4,83,6,3
33103300000000,5,3547,350,38
33103300000000,6,435,65,8
33103300000000,7,2945,172,32
33103300000000,9,427,20,5
33316300000000,2,4,1,0
33316300000000,4,4,1,0
33316300000000,5,213,22,0
33316300000000,6,30,3,0
33316300000000,7,88,9,0
33669800000000,1,45,3,2
33669800000000,2,643,52,39
33669800000000,3,72,2,1
33669800000000,4,301,30,20
33669800000000,5,15220,969,292
33669800000000,6,756,52,13
33669800000000,7,2128,160,57
33669800000000,9,225,13,5
33669900000000,1,228,16,4
33669900000000,2,488,30,14
33669900000000,3,40,7,4
33669900000000,4,264,31,22
33669900000000,5,7673,461,161
33669900000000,6,917,60,17
33669900000000,7,3791,238,93
33669900000000,9,411,16,3
33670300000000,0,318,31,20
33670300000000,1,184,11,6
33670300000000,2,4585,321,255
33670300000000,3,176,9,5
33670300000000,4,1611,125,96
33670300000000,5,28022,1988,816
33670300000000,6,3250,324,165
33670300000000,7,15036,1219,673
33670300000000,9,557,20,12
33670600000000,0,206,14,6
33670600000000,1,76,5,2
33670600000000,2,536,39,26
33670600000000,3,25,1,1
33670600000000,4,255,20,17
33670600000000,5,20949,1576,536
33670600000000,6,493,46,15
33670600000000,7,6081,535,257
33670600000000,9,378,12,7
33670800000000,1,195,9,1
33670800000000,2,239,28,15
33670800000000,3,84,5,0
33670800000000,4,206,21,8
33670800000000,5,11539,748,173
33670800000000,6,1775,109,22
33670800000000,7,6544,519,156
33670800000000,9,821,38,8
33670900000000,0,53,1,0
33670900000000,1,29,3,0
33670900000000,2,185,12,8
33670900000000,3,53,3,2
33670900000000,4,58,3,3
33670900000000,5,16506,1224,306
33670900000000,6,387,26,6
33670900000000,7,1941,162,47
33670900000000,9,118,5,1
33671200000000,1,137,3,0
33671200000000,2,945,42,30
33671200000000,3,290,12,4
33671200000000,4,890,49,32
33671200000000,5,28255,1453,479
33671200000000,6,6019,378,96
33671200000000,7,7361,268,105
33671200000000,9,1261,20,10
33671600000000,3,6,1,0
33671600000000,4,22,2,0
33671600000000,5,1962,93,0
33671600000000,6,347,10,0
33671600000000,7,472,25,0
33671600000000,9,43,1,0
33671700000000,1,133,12,2
33671700000000,2,226,29,20
33671700000000,3,39,4,2
33671700000000,4,544,60,32
33671700000000,5,17635,1118,270
33671700000000,6,1233,78,15
33671700000000,7,3149,267,95
33671700000000,9,362,4,1
33671800000000,1,17,2,1
33671800000000,2,18,1,1
33671800000000,4,15,3,1
33671800000000,5,2106,140,21
33671800000000,6,237,15,2
33671800000000,7,722,76,20
33671800000000,9,38,3,0
33672100000000,0,22,2,1
33672100000000,1,37,2,1
33672100000000,2,125,26,12
33672100000000,3,52,13,2
33672100000000,4,196,41,23
33672100000000,5,7353,1237,414
33672100000000,6,759,159,48
33672100000000,7,1677,319,100
33672100000000,9,289,50,15
33672200000000,0,498,14,6
33672200000000,1,159,12,5
33672200000000,2,1425,123,101
33672200000000,3,203,19,5
33672200000000,4,525,63,40
33672200000000,5,25669,1715,650
33672200000000,6,2980,264,106
33672200000000,7,10153,790,391
33672200000000,9,727,32,16
33672500000000,1,287,9,5
33672500000000,2,121,11,6
33672500000000,3,60,2,0
33672500000000,4,100,10,7
33672500000000,5,7194,430,147
33672500000000,6,925,54,14
33672500000000,7,1762,114,41
33672500000000,9,236,13,6
33736800000000,0,137,9,1
33736800000000,2,12,1,1
33736800000000,4,17,3,3
33736800000000,5,18351,1196,346
33736800000000,6,47,1,0
33736800000000,7,203,14,1
33736800000000,9,24,1,0
33751800000000,1,108,7,1
33751800000000,2,459,34,23
33751800000000,3,97,10,2
33751800000000,4,396,36,14
33751800000000,5,12395,755,212
33751800000000,6,975,91,29
33751800000000,7,7244,567,177
33751800000000,9,547,24,5
33751900000000,0,85,10,6
33751900000000,1,330,33,21
33751900000000,2,1170,97,73
33751900000000,3,89,12,8
33751900000000,4,1580,143,110
33751900000000,5,9500,693,432
33751900000000,6,1144,120,64
33751900000000,7,13756,1067,744
33751900000000,9,2362,117,80
33752000000000,0,2,1,0
33752000000000,1,87,9,6
33752000000000,2,1071,120,95
33752000000000,3,167,10,6
33752000000000,4,766,78,55
33752000000000,5,7808,573,268
33752000000000,6,1213,117,63
33752000000000,7,10332,822,474
33752000000000,9,1252,85,40
33752400000000,0,191,4,2
33752400000000,1,63,2,0
33752400000000,2,288,21,15
33752400000000,3,67,5,2
33752400000000,4,290,33,26
33752400000000,5,14607,1039,501
33752400000000,6,2889,254,122
33752400000000,7,1129,89,42
33752400000000,9,317,18,9
34103500000000,2,59,1,0
34103500000000,5,472,22,0
34103500000000,6,781,30,0
34103500000000,7,207,15,0
34103500000000,9,137,9,0
34322800000000,2,6,5,0
34322800000000,3,7,6,0
34322800000000,5,248,49,0
34322800000000,6,127,30,0
34322800000000,7,29,6,0
34673100000000,0,29,2,2
34673100000000,1,448,32,13
34673100000000,2,13943,1083,761
34673100000000,3,1026,85,47
34673100000000,4,3564,290,204
34673100000000,5,16310,1071,439
34673100000000,6,8824,683,269
34673100000000,7,13885,1074,626
34673100000000,9,4859,182,86
34673300000000,0,33,1,0
34673300000000,1,140,10,3
34673300000000,2,2435,144,100
34673300000000,3,152,15,6
34673300000000,4,460,33,20
34673300000000,5,3575,201,53
34673300000000,6,1312,99,22
34673300000000,7,10655,765,400
34673300000000,9,765,24,6
34673600000000,0,27,3,0
34673600000000,1,8,4,1
34673600000000,2,36,8,4
34673600000000,3,7,4,0
34673600000000,4,16,5,2
34673600000000,5,1192,274,72
34673600000000,6,39,9,3
34673600000000,7,847,190,62
34673600000000,9,91,25,12
34674100000000,0,9,1,0
34674100000000,4,21,1,1
34674100000000,5,1242,74,24
34674100000000,6,37,4,0
34674100000000,7,964,70,29
34674100000000,9,97,4,1
34674400000000,0,58,1,0
34674400000000,1,307,20,3
34674400000000,2,7946,600,373
34674400000000,3,815,51,17
34674400000000,4,610,41,30
34674400000000,5,17909,855,325
34674400000000,6,8103,453,182
34674400000000,7,8497,427,183
34674400000000,9,2623,107,56
34674500000000,0,77,5,3
34674500000000,1,490,62,23
34674500000000,2,2393,269,173
34674500000000,3,421,38,8
34674500000000,4,650,67,30
34674500000000,5,10783,663,149
34674500000000,6,3805,267,58
34674500000000,7,28670,2353,848
34674500000000,9,1825,36,4
34739700000000,0,7,2,0
34739700000000,1,44,4,0
34739700000000,2,307,28,14
34739700000000,3,48,5,0
34739700000000,4,130,15,6
34739700000000,5,1092,62,9
34739700000000,6,452,36,4
34739700000000,7,2190,138,27
34739700000000,9,263,12,3
34752800000000,0,711,32,6
34752800000000,1,92,6,1
34752800000000,2,1927,119,78
34752800000000,3,226,19,5
34752800000000,4,750,61,40
34752800000000,5,4159,293,128
34752800000000,6,2397,152,64
34752800000000,7,2475,111,73
34752800000000,9,893,39,25
34765100000000,0,406,39,4
34765100000000,1,267,24,3
34765100000000,2,2426,202,78
34765100000000,3,444,32,6
34765100000000,4,311,27,6
34765100000000,5,12447,690,115
34765100000000,6,4511,307,30
34765100000000,7,9015,491,91
34765100000000,9,1208,42,6
35103600000000,1,2,1,0
35103600000000,5,94,5,0
35103600000000,7,18,1,0
35675400000000,0,18,1,0
35675400000000,1,11,6,1
35675400000000,2,42,7,3
35675400000000,3,6,1,1
35675400000000,4,41,15,7
35675400000000,5,2043,450,151
35675400000000,6,22,6,3
35675400000000,7,807,214,118
35675400000000,9,13,3,3
35752600000000,2,15,4,2
35752600000000,4,5,1,1
35752600000000,5,791,43,20
35752600000000,7,309,22,14
35752600000000,9,21,4,2
36103600000000,0,132,1,0
36103600000000,5,1678,3,0
36103600000000,6,469,2,0
36103600000000,7,565,1,0
36675900000000,0,175,2,0
36675900000000,1,63,4,0
36675900000000,2,116,4,0
36675900000000,3,73,1,0
36675900000000,5,6173,168,0
36675900000000,6,2341,72,0
36675900000000,7,1125,64,0
36676100000000,1,76,9,3
36676100000000,2,42,7,2
36676100000000,3,78,11,1
36676100000000,4,42,6,2
36676100000000,5,3148,200,26
36676100000000,6,931,48,6
36676100000000,7,1365,98,18
36676100000000,9,238,8,0
36676400000000,1,14,1,0
36676400000000,2,31,2,1
36676400000000,3,5,1,1
36676400000000,5,881,75,14
36676400000000,6,22,2,2
36676400000000,7,1394,122,55
36676400000000,9,65,6,1
36676500000000,0,161,26,11
36676500000000,1,90,17,9
36676500000000,2,1482,311,245
36676500000000,3,151,32,15
36676500000000,4,622,120,96
36676500000000,5,18021,3325,1409
36676500000000,6,2499,453,218
36676500000000,7,5756,1044,603
36676500000000,9,517,68,43
36676800000000,0,323,1,0
36676800000000,1,28,5,4
36676800000000,2,3795,291,230
36676800000000,3,60,7,4
36676800000000,4,1392,121,91
36676800000000,5,17130,1284,430
36676800000000,6,1012,112,48
36676800000000,7,5580,568,286
36676800000000,9,617,52,30
36676900000000,1,71,4,0
36676900000000,2,480,16,8
36676900000000,3,78,2,1
36676900000000,4,330,15,9
36676900000000,5,20971,1126,310
36676900000000,6,1713,72,19
36676900000000,7,1976,109,42
36676900000000,9,202,9,5
36677100000000,0,2,1,0
36677100000000,1,43,6,3
36677100000000,2,419,28,17
36677100000000,3,109,9,3
36677100000000,4,435,58,42
36677100000000,5,34065,2416,846
36677100000000,6,2255,220,56
36677100000000,7,1795,143,50
36677100000000,9,347,17,5
36677400000000,2,35,4,4
36677400000000,4,33,3,0
36677400000000,5,740,20,4
36677400000000,6,101,5,1
36677400000000,7,912,38,14
36677400000000,9,120,1,1
36677800000000,1,58,5,1
36677800000000,2,102,9,1
36677800000000,3,88,8,0
36677800000000,4,106,9,3
36677800000000,5,2904,178,28
36677800000000,6,558,32,6
36677800000000,7,5075,300,46
36677800000000,9,529,41,10
36678000000000,1,137,4,0
36678000000000,2,11,2,2
36678000000000,5,197,13,2
36678000000000,7,452,32,5
36678000000000,9,20,1,0
36678300000000,1,59,6,0
36678300000000,3,18,2,0
36678300000000,4,14,3,1
36678300000000,5,2127,316,41
36678300000000,6,367,31,7
36678300000000,7,1107,169,35
36678300000000,9,139,19,3
36678400000000,0,74,8,4
36678400000000,1,92,9,3
36678400000000,2,1763,150,112
36678400000000,3,90,18,8
36678400000000,4,590,66,40
36678400000000,5,9998,718,248
36678400000000,6,1323,98,36
36678400000000,7,6527,610,322
36678400000000,9,869,50,25
36678500000000,1,73,6,1
36678500000000,2,247,30,22
36678500000000,3,114,5,1
36678500000000,4,133,10,8
36678500000000,5,21512,1392,508
36678500000000,6,2879,222,67
36678500000000,7,1042,80,26
36678500000000,9,222,10,2
36678700000000,1,16,2,1
36678700000000,4,6,1,0
36678700000000,5,1251,78,26
36678700000000,6,30,3,1
36678700000000,7,2200,194,88
36678700000000,9,163,5,1
36678800000000,0,1010,11,0
36678800000000,1,285,14,1
36678800000000,2,800,67,43
36678800000000,3,269,19,3
36678800000000,4,200,20,9
36678800000000,5,39291,2333,650
36678800000000,6,7113,463,105
36678800000000,7,3717,284,100
36678800000000,9,680,17,2
36678900000000,1,4,1,0
36678900000000,5,85,3,0
36678900000000,6,19,1,0
36678900000000,7,129,7,0
36678900000000,9,12,1,0
36679300000000,0,75,7,0
36679300000000,1,112,11,1
36679300000000,2,267,37,27
36679300000000,3,98,20,2
36679300000000,4,125,30,20
36679300000000,5,7934,1245,279
36679300000000,6,2681,332,65
36679300000000,7,2306,396,93
36679300000000,9,291,46,8
36679600000000,1,54,10,4
36679600000000,2,111,11,10
36679600000000,3,19,2,0
36679600000000,4,62,5,3
36679600000000,5,3765,260,78
36679600000000,6,145,11,3
36679600000000,7,5553,369,164
36679600000000,9,70,8,2
36738600000000,5,140,9,9
36738600000000,7,20,1,1
36738900000000,1,29,3,0
36738900000000,2,45,1,1
36738900000000,3,53,1,0
36738900000000,4,34,2,2
36738900000000,5,725,33,7
36738900000000,6,278,13,5
36738900000000,7,960,51,6
36738900000000,9,154,6,2
36739600000000,0,312,6,0
36739600000000,1,42,1,0
36739600000000,2,150,21,12
36739600000000,3,25,1,0
36739600000000,4,41,3,2
36739600000000,5,3290,207,38
36739600000000,6,469,25,2
36739600000000,7,3415,281,61
36739600000000,9,82,5,2
36750400000000,0,708,8,1
36750400000000,1,113,5,1
36750400000000,2,283,17,1
36750400000000,3,77,8,0
36750400000000,4,97,13,3
36750400000000,5,14475,1135,71
36750400000000,6,1686,140,6
36750400000000,7,5948,516,40
36750400000000,9,348,22,7
36750500000000,1,24,1,0
36750500000000,2,110,2,0
36750500000000,3,10,1,0
36750500000000,5,833,32,11
36750500000000,6,87,2,0
36750500000000,7,1606,36,5
36750500000000,9,130,1,0
36750700000000,0,86,3,1
36750700000000,1,48,5,1
36750700000000,2,584,55,40
36750700000000,3,46,6,3
36750700000000,4,203,12,6
36750700000000,5,6135,434,121
36750700000000,6,935,68,14
36750700000000,7,3098,256,111
36750700000000,9,245,26,13
36750800000000,0,15,1,0
36750800000000,1,69,4,0
36750800000000,2,332,36,23
36750800000000,3,74,9,1
36750800000000,4,99,10,7
36750800000000,5,6116,393,76
36750800000000,6,1407,94,19
36750800000000,7,6035,464,165
36750800000000,9,254,16,4
37103700000000,0,1,1,0
37103700000000,1,25,4,0
37103700000000,2,433,12,2
37103700000000,3,12,4,0
37103700000000,4,33,4,0
37103700000000,5,1939,248,3
37103700000000,6,292,36,1
37103700000000,7,914,45,5
37103700000000,9,139,11,1
37679800000000,5,485,24,6
37679800000000,6,30,1,0
37679800000000,7,164,12,9
37680300000000,1,16,2,1
37680300000000,2,77,8,7
37680300000000,3,11,3,2
37680300000000,4,49,7,6
37680300000000,5,598,58,30
37680300000000,6,57,11,7
37680300000000,7,2215,215,160
37680300000000,9,142,8,6
37680500000000,0,41,5,0
37680500000000,1,51,4,1
37680500000000,2,74,8,0
37680500000000,3,13,3,0
37680500000000,5,933,154,5
37680500000000,6,174,45,0
37680500000000,7,1311,79,5
37680500000000,9,183,8,1
37681100000000,0,83,9,4
37681100000000,1,45,9,4
37681100000000,2,305,75,58
37681100000000,3,44,9,3
37681100000000,4,245,52,32
37681100000000,5,8814,1200,376
37681100000000,6,390,38,15
37681100000000,7,4412,649,306
37681100000000,9,217,24,12
37681200000000,1,25,1,0
37681200000000,2,23,5,4
37681200000000,3,13,2,0
37681200000000,4,27,7,5
37681200000000,5,1465,315,64
37681200000000,6,36,10,1
37681200000000,7,816,210,86
37681200000000,9,21,4,2
37681300000000,0,116,20,11
37681300000000,1,133,31,12
37681300000000,2,389,91,60
37681300000000,3,130,27,11
37681300000000,4,371,92,51
37681300000000,5,7889,1498,526
37681300000000,6,1623,282,125
37681300000000,7,10067,2251,837
37681300000000,9,1502,307,138
37681600000000,0,69,6,0
37681600000000,1,86,6,1
37681600000000,2,131,5,0
37681600000000,3,35,5,0
37681600000000,4,59,2,0
37681600000000,5,1760,153,7
37681600000000,6,208,24,1
37681600000000,7,2662,205,26
37681700000000,1,18,2,2
37681700000000,5,40,8,8
37681700000000,7,94,17,17
37681900000000,0,3,1,1
37681900000000,2,123,4,2
37681900000000,4,50,3,1
37681900000000,5,1762,21,3
37681900000000,6,172,6,1
37681900000000,7,3654,72,48
37681900000000,9,209,1,1
37682100000000,0,179,5,1
37682100000000,1,132,2,0
37682100000000,2,251,3,0
37682100000000,3,63,2,1
37682100000000,4,119,4,0
37682100000000,5,3787,105,15
37682100000000,6,795,15,1
37682100000000,7,2134,136,19
37682100000000,9,266,1,0
37683000000000,0,237,12,7
37683000000000,1,151,13,4
37683000000000,2,7129,463,403
37683000000000,3,162,10,9
37683000000000,4,2451,197,142
37683000000000,5,7108,521,215
37683000000000,6,932,78,34
37683000000000,7,20924,1629,1068
37683000000000,9,2232,108,73
37683400000000,0,380,21,8
37683400000000,1,355,30,11
37683400000000,2,10944,815,554
37683400000000,3,729,53,20
37683400000000,4,6851,589,333
37683400000000,5,60884,3526,1548
37683400000000,6,12085,764,328
37683400000000,7,30036,2007,1316
37683400000000,9,7515,278,167
37683500000000,1,42,3,3
37683500000000,2,2013,331,291
37683500000000,3,27,6,4
37683500000000,4,139,18,14
37683500000000,5,1766,253,140
37683500000000,6,122,15,10
37683500000000,7,8878,1387,1051
37683500000000,9,211,13,9
37684000000000,0,13,1,0
37684000000000,1,72,7,0
37684000000000,2,194,12,0
37684000000000,3,73,3,0
37684000000000,4,371,8,0
37684000000000,5,7139,64,0
37684000000000,6,555,21,0
37684000000000,7,2242,156,0
37684100000000,1,99,17,5
37684100000000,2,571,102,69
37684100000000,3,141,25,10
37684100000000,4,3363,613,449
37684100000000,5,31404,4919,1977
37684100000000,6,1143,191,73
37684100000000,7,2464,382,228
37684100000000,9,1829,263,161
37684400000000,4,1,1,0
37684400000000,5,278,22,0
37684400000000,7,102,20,1
37684500000000,1,102,9,0
37684500000000,2,609,59,26
37684500000000,3,228,26,10
37684500000000,4,377,48,31
37684500000000,5,15789,1137,222
37684500000000,6,789,129,24
37684500000000,7,6464,633,307
37684500000000,9,1008,79,25
37735500000000,1,57,5,1
37735500000000,2,751,58,52
37735500000000,3,43,2,1
37735500000000,4,149,7,6
37735500000000,5,2904,159,84
37735500000000,6,189,15,7
37735500000000,7,6416,424,308
37735500000000,9,482,32,25
37735700000000,0,145,8,6
37735700000000,1,102,3,0
37735700000000,2,441,26,18
37735700000000,3,442,35,10
37735700000000,4,636,59,32
37735700000000,5,11438,770,203
37735700000000,6,1165,105,38
37735700000000,7,5944,325,144
37735700000000,9,667,12,4
37737900000000,0,32,1,0
37737900000000,1,71,6,4
37737900000000,2,1039,53,48
37737900000000,3,105,4,3
37737900000000,4,511,42,37
37737900000000,5,9365,563,232
37737900000000,6,455,44,25
37737900000000,7,8458,519,361
37737900000000,9,416,18,11
37754200000000,1,129,3,3
37754200000000,2,2,2,2
37754200000000,5,84,9,9
37754200000000,7,63,3,3
37756100000000,1,381,21,3
37756100000000,2,45,9,8
37756100000000,3,9,3,2
37756100000000,4,41,8,5
37756100000000,5,2061,105,34
37756100000000,6,22,5,1
37756100000000,7,1438,125,81
37756100000000,9,158,3,2
37764700000000,1,14,1,1
37764700000000,2,110,23,21
37764700000000,3,16,5,5
37764700000000,4,159,18,18
37764700000000,5,1329,135,133
37764700000000,6,116,14,14
37764700000000,7,755,74,72
38103900000000,0,10,1,0
38103900000000,3,11,2,0
38103900000000,4,8,3,0
38103900000000,5,135,8,1
38103900000000,6,130,9,0
38103900000000,7,49,4,0
38103900000000,9,8,1,0
38684800000000,0,2259,130,88
38684800000000,1,262,14,3
38684800000000,2,20389,1905,1453
38684800000000,3,723,51,9
38684800000000,4,2787,269,150
38684800000000,5,16691,1009,399
38684800000000,6,5635,375,119
38684800000000,7,7789,378,243
38684800000000,9,1879,54,39
38767000000000,0,3,1,1
38767000000000,2,13,7,7
38767000000000,3,1,1,1
38767000000000,4,2,1,1
38767000000000,5,14,4,4
38767000000000,6,29,5,5
38767000000000,7,26,6,6
39104000000000,1,49,4,0
39104000000000,2,161,15,1
39104000000000,3,32,8,0
39104000000000,4,73,14,1
39104000000000,5,1917,254,15
39104000000000,6,491,70,2
39104000000000,7,707,101,10
39104000000000,9,79,13,0
39685000000000,0,7,1,0
39685000000000,2,40,6,4
39685000000000,4,15,1,1
39685000000000,5,1339,99,19
39685000000000,6,14,3,1
39685000000000,7,1361,101,32
39685000000000,9,59,5,1
39685700000000,1,63,7,3
39685700000000,2,915,71,37
39685700000000,3,111,9,0
39685700000000,4,405,41,23
39685700000000,5,4109,242,51
39685700000000,6,1130,78,24
39685700000000,7,2320,195,74
39685700000000,9,206,10,3
39685800000000,1,33,2,0
39685800000000,2,46,1,0
39685800000000,4,22,2,1
39685800000000,5,1281,82,26
39685800000000,6,15,1,0
39685800000000,7,844,74,29
39685800000000,9,26,3,1
39685900000000,0,482,8,0
39685900000000,1,287,19,7
39685900000000,2,6947,478,192
39685900000000,3,437,27,7
39685900000000,4,2558,229,108
39685900000000,5,25353,1596,374
39685900000000,6,3984,277,69
39685900000000,7,12325,963,282
39685900000000,9,1164,33,10
39686300000000,0,149,2,1
39686300000000,1,46,3,0
39686300000000,2,233,14,1
39686300000000,3,37,3,1
39686300000000,4,122,8,1
39686300000000,5,1455,116,7
39686300000000,6,567,29,6
39686300000000,7,1855,152,2
39686300000000,9,72,5,1
39686500000000,0,2,1,0
39686500000000,1,14,2,0
39686500000000,2,114,6,3
39686500000000,3,16,4,3
39686500000000,4,53,3,2
39686500000000,5,1222,72,18
39686500000000,6,97,8,3
39686500000000,7,1985,150,39
39686500000000,9,177,7,1
39686800000000,1,986,59,16
39686800000000,2,3731,237,119
39686800000000,3,209,8,3
39686800000000,4,1720,141,78
39686800000000,5,25317,1209,391
39686800000000,6,4412,211,47
39686800000000,7,2712,128,49
39686800000000,9,865,13,7
39755000000000,1,72,12,5
39755000000000,2,1733,156,96
39755000000000,3,160,16,5
39755000000000,4,907,98,48
39755000000000,5,8367,606,206
39755000000000,6,1110,105,32
39755000000000,7,3927,384,179
39755000000000,9,658,61,25
40104100000000,1,6,3,0
40104100000000,2,2,4,0
40104100000000,3,2,2,0
40104100000000,4,4,3,0
40104100000000,5,305,142,0
40104100000000,6,12,3,0
40104100000000,7,147,73,0
40104100000000,9,18,10,0
40687000000000,0,17,1,0
40687000000000,1,55,8,2
40687000000000,2,59,3,2
40687000000000,3,8,1,1
40687000000000,4,42,2,1
40687000000000,5,1242,72,19
40687000000000,6,64,8,2
40687000000000,7,3096,258,117
40687000000000,9,139,18,6
40687600000000,1,48,3,2
40687600000000,2,175,21,15
40687600000000,3,27,1,0
40687600000000,4,123,10,4
40687600000000,5,4567,308,86
40687600000000,6,93,9,2
40687600000000,7,5347,416,160
40687600000000,9,313,22,12
40688100000000,0,16,1,0
40688100000000,1,33,2,0
40688100000000,2,278,33,20
40688100000000,4,154,12,7
40688100000000,5,2106,122,37
40688100000000,6,79,11,6
40688100000000,7,4607,412,233
40688100000000,9,350,13,7
40688300000000,0,6,1,0
40688300000000,5,607,7,1
40688300000000,7,486,4,0
40688400000000,1,16,1,0
40688400000000,2,36,3,3
40688400000000,5,549,56,26
40688400000000,6,13,3,3
40688400000000,7,1736,163,86
40688400000000,9,101,12,9
40754600000000,1,31,3,1
40754600000000,2,63,4,2
40754600000000,4,28,3,1
40754600000000,5,3357,240,52
40754600000000,6,105,13,5
40754600000000,7,2763,261,77
40754600000000,9,126,7,2
40754700000000,0,14,25,7
40754700000000,2,8,1,0
40754700000000,5,407,1,0
40754700000000,7,258,27,14
41104100000000,2,32,1,0
41104100000000,4,48,2,0
41104100000000,5,202,17,0
41104100000000,6,25,4,0
41104100000000,7,74,11,0
41104100000000,9,6,1,0
41688900000000,1,7,1,0
41688900000000,2,49,4,4
41688900000000,4,50,2,2
41688900000000,5,1704,93,36
41688900000000,7,1426,113,81
41688900000000,9,95,3,2
41689200000000,1,23,1,0
41689200000000,2,1910,155,99
41689200000000,3,171,17,4
41689200000000,4,3630,349,176
41689200000000,5,3755,311,69
41689200000000,6,320,29,3
41689200000000,7,1568,189,69
41689200000000,9,628,83,31
41689400000000,5,212,13,1
41689400000000,7,119,7,5
41689400000000,9,7,1,1
41690000000000,2,16,1,1
41690000000000,3,303,1,1
41690000000000,5,3492,37,35
41690000000000,6,303,2,2
41690500000000,1,10,1,1
41690500000000,2,1832,413,322
41690500000000,3,216,52,15
41690500000000,4,496,122,78
41690500000000,5,2516,486,157
41690500000000,6,100,21,8
41690500000000,7,2482,565,354
41690500000000,9,664,145,87
41690600000000,0,5,1,1
41690600000000,1,32,9,6
41690600000000,2,606,134,123
41690600000000,3,261,69,24
41690600000000,4,157,35,24
41690600000000,5,4600,859,396
41690600000000,6,262,67,22
41690600000000,7,3321,749,600
41690600000000,9,449,117,90
41690700000000,2,919,76,43
41690700000000,3,193,11,3
41690700000000,4,2242,189,107
41690700000000,5,4418,256,86
41690700000000,6,147,13,4
41690700000000,7,637,54,20
41690700000000,9,539,40,26
42104200000000,2,4,1,0
42104200000000,5,228,15,0
42104200000000,6,7,2,0
42104200000000,7,59,5,0
42104200000000,9,7,1,0
42691100000000,1,16,2,0
42691100000000,2,15,1,0
42691100000000,5,233,23,0
42691100000000,6,23,1,0
42691100000000,7,745,39,0
42691500000000,1,7,1,0
42691500000000,2,39,4,4
42691500000000,4,14,1,0
42691500000000,5,1638,121,38
42691500000000,6,14,2,1
42691500000000,7,502,35,26
42692300000000,1,72,10,1
42692300000000,2,195,22,8
42692300000000,3,32,2,0
42692300000000,4,110,7,3
42692300000000,5,6293,342,67
42692300000000,6,335,22,7
42692300000000,7,2557,173,56
42692300000000,9,482,39,11
42692500000000,0,23,1,0
42692500000000,5,194,31,0
42692500000000,7,649,45,0
42692500000000,9,33,1,0
42692600000000,1,36,3,0
42692600000000,2,112,4,2
42692600000000,4,68,4,1
42692600000000,5,2331,42,4
42692600000000,6,58,1,0
42692600000000,7,2368,88,15
42692600000000,9,263,3,2
42693100000000,0,40,14,5
42693100000000,1,22,5,1
42693100000000,2,72,16,9
42693100000000,3,12,1,0
42693100000000,4,174,37,22
42693100000000,5,6411,1336,296
42693100000000,6,101,20,5
42693100000000,7,878,220,88
42693100000000,9,72,18,5
42693300000000,1,10,3,0
42693300000000,2,8,1,1
42693300000000,5,416,98,35
42693300000000,6,2,1,0
42693300000000,7,550,133,89
42693300000000,9,39,7,5
42750100000000,5,190,12,2
42750100000000,7,38,1,0
42767900000000,0,75,1,0
42767900000000,1,67,10,4
42767900000000,2,416,65,54
42767900000000,3,14,3,3
42767900000000,4,81,9,6
42767900000000,5,9272,722,317
42767900000000,6,137,11,8
42767900000000,7,5192,601,445
42767900000000,9,339,37,28
43104400000000,0,444,7,6
43104400000000,2,1668,38,35
43104400000000,3,46,3,2
43104400000000,4,198,7,6
43104400000000,5,6279,184,112
43104400000000,6,286,19,8
43104400000000,7,1308,40,24
43104400000000,9,342,3,0
43694000000000,1,29,7,2
43694000000000,2,935,185,131
43694000000000,3,40,5,1
43694000000000,4,171,33,20
43694000000000,5,2613,519,116
43694000000000,6,212,46,7
43694000000000,7,3019,635,335
43694000000000,9,413,115,55
43694300000000,0,22,6,3
43694300000000,1,57,10,3
43694300000000,2,7880,1898,1246
43694300000000,3,154,26,12
43694300000000,4,2003,473,199
43694300000000,5,13785,2424,636
43694300000000,6,715,152,34
43694300000000,7,1695,429,206
43694300000000,9,449,94,38
43694700000000,1,10,1,0
43694700000000,2,5959,1452,1290
43694700000000,3,29,10,5
43694700000000,4,346,90,57
43694700000000,5,1663,363,118
43694700000000,6,121,22,10
43694700000000,7,2138,526,387
43694700000000,9,526,117,92
43694800000000,0,179,1,0
43694800000000,2,402,31,26
43694800000000,3,27,3,0
43694800000000,4,208,14,7
43694800000000,5,8417,523,139
43694800000000,6,134,13,5
43694800000000,7,2218,222,107
43694800000000,9,197,6,4
43695300000000,0,32,5,4
43695300000000,1,23,1,1
43695300000000,2,1479,244,228
43695300000000,4,92,1,1
43695300000000,5,467,60,42
43695300000000,6,33,3,3
43695300000000,7,4096,450,350
43695300000000,9,387,67,55
43695800000000,1,91,1,0
43695800000000,2,1929,43,33
43695800000000,3,59,2,1
43695800000000,4,335,12,7
43695800000000,5,6117,243,88
43695800000000,6,323,19,12
43695800000000,7,4446,237,152
43695800000000,9,438,4,3
43696100000000,1,4,1,1
43696100000000,2,813,183,162
43696100000000,3,27,8,3
43696100000000,4,122,28,19
43696100000000,5,1008,195,79
43696100000000,6,65,12,5
43696100000000,7,1757,405,332
43696100000000,9,85,17,11
43696400000000,1,33,2,2
43696400000000,2,4309,318,272
43696400000000,3,94,3,2
43696400000000,4,100,9,8
43696400000000,5,1418,90,69
43696400000000,6,278,19,15
43696400000000,7,5345,419,338
43696400000000,9,950,37,30
43696700000000,0,195,1,1
43696700000000,1,230,16,7
43696700000000,2,8012,535,386
43696700000000,3,249,22,4
43696700000000,4,1783,143,63
43696700000000,5,23095,1545,435
43696700000000,6,1417,131,41
43696700000000,7,11459,841,463
43696700000000,9,1796,51,24
43733900000000,2,4630,366,264
43733900000000,3,88,7,2
43733900000000,4,2122,164,58
43733900000000,5,2118,142,34
43733900000000,6,262,27,5
43733900000000,7,686,43,14
43733900000000,9,333,17,5
44104500000000,0,44,10,6
44104500000000,1,6,1,0
44104500000000,2,32,9,8
44104500000000,5,455,100,65
44104500000000,6,12,2,0
44104500000000,7,656,160,114
44104500000000,9,78,18,11
44697700000000,0,154,2,2
44697700000000,1,9,1,1
44697700000000,2,41,1,1
44697700000000,5,1110,3,3
44697700000000,6,46,1,1
44697700000000,7,770,35,35
44698000000000,1,31,2,1
44698000000000,2,183,16,15
44698000000000,3,28,2,1
44698000000000,4,191,13,10
44698000000000,5,16724,898,444
44698000000000,6,98,4,3
44698000000000,7,3156,218,169
44698000000000,9,22,3,2
44698100000000,0,113,7,0
44698100000000,2,170,6,3
44698100000000,3,11,1,0
44698100000000,4,25,2,0
44698100000000,5,673,41,12
44698100000000,6,51,4,3
44698100000000,7,3212,186,129
44698100000000,9,342,14,9
44698200000000,0,2,1,0
44698200000000,1,38,6,2
44698200000000,2,197,32,26
44698200000000,3,22,4,1
44698200000000,4,57,9,2
44698200000000,5,2718,303,91
44698200000000,6,116,13,2
44698200000000,7,3674,440,241
44698200000000,9,268,28,11
44754300000000,0,2,1,0
44754300000000,2,71,4,2
44754300000000,5,351,21,12
44754300000000,7,1799,127,79
44754300000000,9,235,16,12
45104500000000,1,19,2,0
45104500000000,5,46,5,0
45104500000000,6,9,2,0
45104500000000,7,318,24,0
45104500000000,9,13,4,0
45698600000000,0,6,2,0
45698600000000,1,139,30,4
45698600000000,2,32,6,1
45698600000000,3,6,2,1
45698600000000,4,6,1,0
45698600000000,5,297,56,15
45698600000000,6,27,1,1
45698600000000,7,1328,313,64
45698600000000,9,44,9,1
45699900000000,1,109,6,1
45699900000000,5,281,21,6
45699900000000,7,721,46,10
45699900000000,9,38,2,1
45701100000000,4,13,1,1
45701100000000,5,456,2,0
45701100000000,7,2462,18,7
45701100000000,9,210,2,0
45701400000000,0,33,2,1
45701400000000,1,195,46,4
45701400000000,2,193,28,16
45701400000000,3,14,3,3
45701400000000,4,37,8,4
45701400000000,5,727,142,36
45701400000000,6,114,22,7
45701400000000,7,3992,767,263
45701400000000,9,256,50,18
45701700000000,5,15,2,0
45701700000000,6,3,1,0
45701700000000,7,61,10,0
45752700000000,1,232,12,4
45752700000000,2,104,5,3
45752700000000,3,17,3,1
45752700000000,5,482,26,4
45752700000000,6,80,4,2
45752700000000,7,2745,186,40
45752700000000,9,178,3,2
46701800000000,7,289,2,0
47104700000000,1,18,1,0
47104700000000,5,58,6,0
47104700000000,7,311,21,1
47104700000000,9,47,2,0
47702500000000,5,11,3,2
47702500000000,7,37,10,5
47704700000000,1,44,7,2
47704700000000,2,19,3,0
47704700000000,5,85,18,1
47704700000000,6,17,4,2
47704700000000,7,373,75,17
47704700000000,9,32,1,0
47705200000000,1,37,2,2
47705200000000,2,9,2,2
47705200000000,5,100,16,9
47705200000000,7,464,100,43
47705200000000,9,56,11,3
47736800000000,5,132,9,3
47736800000000,7,149,5,1
47736800000000,9,5,1,0
47764600000000,1,85,1,0
47764600000000,5,75,3,0
47764600000000,6,9,2,0
47764600000000,7,425,34,16
47764600000000,9,43,2,1
48104900000000,6,97,2,0
48104900000000,7,137,2,0
48104900000000,9,36,1,0
48705200000000,0,39,1,0
48705200000000,1,26,2,0
48705200000000,2,227,24,19
48705200000000,3,25,2,0
48705200000000,4,400,31,20
48705200000000,5,871,63,15
48705200000000,6,411,37,6
48705200000000,7,2352,231,108
48705200000000,9,573,32,8
48705300000000,0,36,1,1
48705300000000,1,17,1,0
48705300000000,2,42,6,4
48705300000000,3,9,3,1
48705300000000,4,35,1,1
48705300000000,5,2097,129,41
48705300000000,6,77,6,2
48705300000000,7,1378,126,72
48705300000000,9,117,1,1
48705400000000,1,162,20,8
48705400000000,2,1107,68,39
48705400000000,3,235,16,3
48705400000000,4,1887,125,63
48705400000000,5,8469,442,94
48705400000000,6,3609,229,43
48705400000000,7,4122,199,76
48705400000000,9,1720,225,64
48705700000000,0,176,4,1
48705700000000,1,128,11,1
48705700000000,2,549,51,33
48705700000000,3,174,17,5
48705700000000,4,915,68,40
48705700000000,5,5610,364,122
48705700000000,6,1474,152,39
48705700000000,7,7985,677,326
48705700000000,9,1224,57,19
48705800000000,0,207,3,1
48705800000000,1,55,1,0
48705800000000,2,384,22,11
48705800000000,3,311,10,2
48705800000000,4,2395,207,109
48705800000000,5,5555,237,66
48705800000000,6,4468,224,45
48705800000000,7,1274,55,18
48705800000000,9,347,16,4
49105000000000,1,25,1,0
49105000000000,5,333,16,0
49105000000000,6,42,1,0
49105000000000,7,332,14,0
49706100000000,1,16,3,1
49706100000000,2,44,9,5
49706100000000,3,7,1,0
49706100000000,4,9,2,1
49706100000000,5,383,86,30
49706100000000,6,35,10,4
49706100000000,7,1514,342,145
49706100000000,9,60,23,9
49706600000000,1,42,5,0
49706600000000,4,1,1,1
49706600000000,5,763,44,13
49706600000000,6,4,1,0
49706600000000,7,536,35,10
49706600000000,9,36,1,0
49707100000000,5,267,13,4
49707100000000,7,591,8,1
49707300000000,2,19,2,0
49707300000000,3,2,2,0
49707300000000,4,10,1,0
49707300000000,5,139,18,1
49707300000000,6,15,2,0
49707300000000,7,496,36,5
49708000000000,0,2,1,0
49708000000000,1,12,1,0
49708000000000,2,21,2,0
49708000000000,3,29,2,0
49708000000000,4,24,2,0
49708000000000,5,157,12,0
49708000000000,6,100,4,0
49708000000000,7,609,38,0
49708400000000,1,11,1,0
49708400000000,2,20,1,0
49708400000000,4,7,1,0
49708400000000,5,264,2,0
49708400000000,6,23,2,0
49708400000000,7,597,7,1
49708600000000,0,8,1,1
49708600000000,1,39,3,2
49708600000000,2,167,32,24
49708600000000,3,11,2,2
49708600000000,4,53,12,7
49708600000000,5,1615,196,46
49708600000000,6,75,13,5
49708600000000,7,3230,468,203
49708600000000,9,199,32,11
49708700000000,5,627,8,0
49708700000000,7,513,6,0
49709000000000,1,92,4,4
49709000000000,2,219,2,1
49709000000000,3,44,1,1
49709000000000,5,3551,95,64
49709000000000,7,2132,1,1
49709200000000,0,45,3,1
49709200000000,1,115,13,2
49709200000000,2,604,94,36
49709200000000,3,67,13,3
49709200000000,4,103,23,9
49709200000000,5,5036,648,117
49709200000000,6,269,61,11
49709200000000,7,4463,827,308
49709200000000,9,542,70,15
49709500000000,1,24,2,2
49709500000000,2,84,5,4
49709500000000,4,29,2,1
49709500000000,5,2569,130,50
49709500000000,6,32,1,0
49709500000000,7,1751,141,70
49709600000000,5,220,2,0
49709600000000,7,913,27,8
49709600000000,9,98,3,0
49738800000000,0,123,13,13
49738800000000,1,45,4,1
49738800000000,2,202,21,13
49738800000000,3,26,1,1
49738800000000,4,69,9,5
49738800000000,5,2441,157,37
49738800000000,6,121,8,4
49738800000000,7,2795,184,73
49738800000000,9,323,6,2
49753600000000,1,68,1,0
49753600000000,2,104,11,6
49753600000000,3,17,2,1
49753600000000,4,28,4,2
49753600000000,5,2594,168,41
49753600000000,6,44,6,1
49753600000000,7,2468,206,75
49753600000000,9,92,6,4
49753900000000,1,8,3,0
49753900000000,2,23,7,5
49753900000000,5,1027,68,17
49753900000000,7,567,64,22
50105000000000,0,19,6,0
50105000000000,1,21,3,0
50105000000000,2,56,14,0
50105000000000,3,10,5,0
50105000000000,4,16,5,2
50105000000000,5,1083,274,3
50105000000000,6,86,23,0
50105000000000,7,847,150,7
50105000000000,9,62,11,2
50710400000000,0,107,1,0
50710400000000,1,89,8,5
50710400000000,2,686,44,28
50710400000000,3,115,4,2
50710400000000,4,76,6,3
50710400000000,5,10013,637,233
50710400000000,6,239,18,5
50710400000000,7,2246,153,50
50710400000000,9,123,9,2
50710700000000,5,569,75,15
50710700000000,7,664,93,22
50710700000000,9,35,3,0
50710900000000,1,14,1,0
50710900000000,2,30,1,1
50710900000000,5,422,2,1
50710900000000,7,572,2,1
50711300000000,5,645,11,1
50711300000000,6,4,1,1
50711300000000,7,382,18,7
50711800000000,0,450,133,46
50711800000000,1,72,18,3
50711800000000,2,782,186,103
50711800000000,3,140,38,14
50711800000000,4,205,51,31
50711800000000,5,7735,1567,506
50711800000000,6,565,124,24
50711800000000,7,4293,884,373
50711800000000,9,727,154,50
50712200000000,1,30,3,1
50712200000000,2,143,15,8
50712200000000,3,97,4,1
50712200000000,4,90,7,4
50712200000000,5,4303,254,65
50712200000000,6,410,33,11
50712200000000,7,849,57,21
50712200000000,9,98,6,2
50736000000000,2,24,1,1
50736000000000,3,9,2,0
50736000000000,5,2195,135,39
50736000000000,7,603,53,19
50736000000000,9,55,4,2
50755500000000,1,8,1,0
50755500000000,2,12,1,0
50755500000000,5,1168,90,31
50755500000000,6,3,1,0
50755500000000,7,926,81,44
50755500000000,9,25,3,1
50755600000000,1,58,6,1
50755600000000,2,73,9,3
50755600000000,4,52,8,3
50755600000000,5,4200,260,56
50755600000000,6,65,5,1
50755600000000,7,3573,302,94
50755600000000,9,80,2,0
50755700000000,0,69,3,1
50755700000000,1,53,3,2
50755700000000,2,187,3,2
50755700000000,3,18,5,0
50755700000000,5,1714,130,13
50755700000000,6,118,12,3
50755700000000,7,1746,183,32
50757400000000,0,129,3,1
50757400000000,1,110,11,4
50757400000000,2,639,51,33
50757400000000,3,81,5,3
50757400000000,4,59,7,2
50757400000000,5,7863,532,170
50757400000000,6,306,28,6
50757400000000,7,4756,407,180
50757400000000,9,184,13,6
51105100000000,2,17,2,0
51105100000000,5,162,10,0
51105100000000,6,15,1,0
51105100000000,7,195,15,0
51105100000000,9,12,3,0
51713700000000,0,4,2,0
51713700000000,1,10,2,0
51713700000000,2,12,4,3
51713700000000,4,2,1,1
51713700000000,5,133,19,9
51713700000000,7,257,45,17
51713700000000,9,24,4,2
51714000000000,1,17,3,0
51714000000000,2,217,20,11
51714000000000,5,1051,62,26
51714000000000,7,445,27,10
51714100000000,0,123,7,2
51714100000000,1,29,2,0
51714100000000,2,43,2,0
51714100000000,5,332,34,1
51714100000000,6,64,5,0
51714100000000,7,1530,90,3
51714100000000,9,142,8,0
51714200000000,0,4,1,0
51714200000000,1,15,1,0
51714200000000,2,49,1,0
51714200000000,4,20,2,0
51714200000000,5,225,11,0
51714200000000,6,124,9,0
51714200000000,7,667,34,0
51714500000000,1,19,6,2
51714500000000,2,13,4,2
51714500000000,4,3,1,0
51714500000000,5,149,27,5
51714500000000,6,5,1,0
51714500000000,7,493,127,43
51714500000000,9,43,13,4
51714600000000,0,187,8,4
51714600000000,1,86,2,0
51714600000000,2,2316,173,89
51714600000000,3,39,1,1
51714600000000,4,70,6,5
51714600000000,5,5856,278,101
51714600000000,6,246,20,7
51714600000000,7,4068,273,119
51714600000000,9,695,42,14
52105200000000,1,3,1,0
52105200000000,5,42,4,0
52105200000000,6,1,1,0
52105200000000,7,187,18,0
52715100000000,0,74,1,0
52715100000000,1,11,4,0
52715100000000,2,9,3,1
52715100000000,4,4,1,0
52715100000000,5,472,108,13
52715100000000,6,9,4,0
52715100000000,7,390,102,27
52715100000000,9,3,2,0
52715700000000,5,266,20,0
52715700000000,7,269,14,1
52716400000000,0,3,1,0
52716400000000,1,53,6,0
52716400000000,2,8,3,0
52716400000000,3,3,1,0
52716400000000,4,5,2,1
52716400000000,5,398,91,20
52716400000000,6,16,3,2
52716400000000,7,1064,234,66
52716400000000,9,51,9,2
53738300000000,1,4,1,0
53738300000000,7,92,2,2
53750300000000,1,34,1,0
53750300000000,2,29,1,0
53750300000000,5,28,2,0
53750300000000,7,184,9,0
53750300000000,9,20,4,1
53765100000000,1,36,3,2
53765100000000,3,1,1,0
53765100000000,5,51,1,0
53765100000000,6,5,1,0
53765100000000,7,508,60,20
53765100000000,9,53,7,1
54105500000000,1,28,1,0
54105500000000,2,55,4,3
54105500000000,3,13,2,1
54105500000000,5,1458,43,9
54105500000000,6,65,1,0
54105500000000,7,905,36,9
54105500000000,9,38,1,1
54718000000000,5,506,16,6
54718000000000,7,161,16,1
54718000000000,9,26,2,0
54718400000000,2,105,1,0
54718400000000,5,2864,23,2
54718400000000,6,38,2,1
54718400000000,7,1101,14,1
54718600000000,2,18,1,1
54718600000000,4,137,8,6
54718600000000,5,3864,228,76
54718600000000,6,3,1,0
54718600000000,7,52,6,2
54718600000000,9,5,1,0
54719900000000,2,86,4,1
54719900000000,5,4084,237,82
54719900000000,7,351,16,4
54721400000000,1,19,3,0
54721400000000,5,553,86,0
54721400000000,6,15,6,0
54721400000000,7,103,28,0
54722500000000,0,15,1,0
54722500000000,1,44,7,2
54722500000000,2,64,14,7
54722500000000,3,9,2,1
54722500000000,4,18,7,5
54722500000000,5,3874,775,275
54722500000000,6,189,35,11
54722500000000,7,1100,255,104
54722500000000,9,12,2,1
54722600000000,0,251,10,2
54722600000000,1,294,31,8
54722600000000,2,1271,96,39
54722600000000,3,43,4,1
54722600000000,4,162,2,1
54722600000000,5,18827,1145,298
54722600000000,6,507,46,11
54722600000000,7,6613,606,206
54722600000000,9,556,19,6
54753300000000,2,11,1,0
54753300000000,5,2457,188,64
54753300000000,7,139,13,6
54755200000000,0,60,1,1
54755200000000,1,296,22,3
54755200000000,2,233,34,17
54755200000000,3,41,3,1
54755200000000,4,150,31,17
54755200000000,5,11272,1037,326
54755200000000,6,62,7,4
54755200000000,7,1887,249,91
54755200000000,9,118,6,2
54755300000000,1,33,1,1
54755300000000,2,84,3,3
54755300000000,4,45,6,3
54755300000000,5,6050,442,206
54755300000000,6,34,5,3
54755300000000,7,325,41,21
54767900000000,2,11,1,0
54767900000000,5,2046,126,49
54767900000000,7,207,27,12
54767900000000,9,14,1,1
54768400000000,1,20,1,0
54768400000000,2,15,1,1
54768400000000,4,12,2,1
54768400000000,5,1687,115,33
54768400000000,6,28,3,1
54768400000000,7,1171,116,43
55105500000000,7,116,4,0
55105500000000,9,9,1,0
55723600000000,4,7,1,0
55723600000000,5,195,4,0
55723600000000,6,14,2,0
55723600000000,7,630,11,0
55723900000000,0,4,2,0
55723900000000,1,28,7,1
55723900000000,2,11,2,2
55723900000000,4,6,1,0
55723900000000,5,163,36,6
55723900000000,6,8,2,0
55723900000000,7,850,230,63
55723900000000,9,27,5,0
55724100000000,1,88,8,2
55724100000000,2,8,1,1
55724100000000,4,3,1,1
55724100000000,5,208,24,7
55724100000000,6,11,4,2
55724100000000,7,1107,151,44
55724100000000,9,51,4,0
55751800000000,1,3,1,0
55751800000000,3,1,1,0
55751800000000,5,49,6,0
55751800000000,6,5,2,1
55751800000000,7,265,24,4
56105600000000,1,20,1,0
56105600000000,2,52,3,0
56105600000000,3,7,1,0
56105600000000,4,27,1,0
56105600000000,5,1393,100,0
56105600000000,7,1383,44,0
56724500000000,1,6,1,0
56724500000000,2,14,3,3
56724500000000,5,3949,223,63
56724500000000,6,9,1,0
56724500000000,7,335,32,15
56724700000000,1,7,2,0
56724700000000,2,63,2,0
56724700000000,5,545,8,0
56724700000000,6,42,1,0
56724700000000,7,662,10,0
56725000000000,0,272,4,4
56725000000000,2,20,2,0
56725000000000,5,181,7,2
56725000000000,6,62,4,2
56725000000000,7,359,21,3
56725200000000,2,48,1,0
56725200000000,5,884,28,0
56725200000000,7,1630,36,0
56725200000000,9,53,1,0
56725500000000,1,75,5,1
56725500000000,2,810,91,53
56725500000000,3,87,20,3
56725500000000,4,982,173,87
56725500000000,5,15583,2477,515
56725500000000,6,541,83,19
56725500000000,7,5802,506,199
56725500000000,9,669,46,17
56726000000000,1,59,8,1
56726000000000,2,1392,102,62
56726000000000,3,26,3,0
56726000000000,4,335,23,15
56726000000000,5,5979,276,63
56726000000000,6,175,14,3
56726000000000,7,9294,769,288
56726000000000,9,559,23,8
56726500000000,1,78,6,3
56726500000000,2,463,39,27
56726500000000,3,39,1,1
56726500000000,4,110,16,14
56726500000000,5,8672,497,134
56726500000000,6,237,25,11
56726500000000,7,7111,602,262
56726500000000,9,656,33,20
56737600000000,1,75,7,4
56737600000000,2,1857,158,126
56737600000000,3,54,5,2
56737600000000,4,245,28,20
56737600000000,5,4879,350,128
56737600000000,6,297,41,14
56737600000000,7,11594,1181,740
56737600000000,9,726,49,32
56738700000000,1,24,2,1
56738700000000,2,867,56,31
56738700000000,4,54,4,2
56738700000000,5,358,30,8
56738700000000,6,79,7,1
56738700000000,7,3193,321,130
56738700000000,9,112,6,3
56739400000000,1,11,4,2
56739400000000,2,358,36,27
56739400000000,3,14,4,2
56739400000000,4,83,12,9
56739400000000,5,2986,199,49
56739400000000,6,81,6,1
56739400000000,7,2922,297,151
56739400000000,9,248,11,7
56768300000000,2,11,1,1
56768300000000,5,5208,345,104
56768300000000,6,12,3,1
56768300000000,7,205,13,4
57105800000000,5,105,7,0
57105800000000,7,60,6,0
57726800000000,1,40,4,3
57726800000000,2,1371,126,102
57726800000000,4,124,10,8
57726800000000,5,1666,103,55
57726800000000,6,224,21,16
57726800000000,7,4726,436,352
57726800000000,9,440,29,23
57726900000000,1,86,5,1
57726900000000,2,992,57,37
57726900000000,3,105,6,2
57726900000000,4,191,20,11
57726900000000,5,4204,265,91
57726900000000,6,443,29,12
57726900000000,7,2714,193,95
57726900000000,9,218,7,4
57727000000000,5,999,68,14
57727000000000,6,18,1,1
57727000000000,7,476,46,23
57727000000000,9,8,2,0
57727100000000,0,41,1,0
57727100000000,2,467,41,21
57727100000000,3,38,3,0
57727100000000,4,58,4,2
57727100000000,5,6750,387,157
57727100000000,6,125,5,1
57727100000000,7,2390,171,85
57727100000000,9,137,5,2
58105900000000,1,19,1,0
58105900000000,5,177,14,0
58105900000000,6,16,3,0
58105900000000,7,308,21,0
58105900000000,9,41,1,0
58727300000000,1,7,1,0
58727300000000,4,3,1,0
58727300000000,5,73,2,0
58727300000000,7,379,31,8
58727400000000,0,64,3,1
58727400000000,1,306,23,5
58727400000000,2,876,70,27
58727400000000,3,58,3,1
58727400000000,4,55,6,3
58727400000000,5,4201,231,48
58727400000000,6,380,23,5
58727400000000,7,4424,252,50
58727400000000,9,472,9,5
58727700000000,1,9,3,1
58727700000000,2,18,4,0
58727700000000,4,7,4,1
58727700000000,5,206,39,15
58727700000000,6,22,1,0
58727700000000,7,394,83,22
58727700000000,9,69,13,4
