CDS_CODE,ETHNIC,GR_12,ENR_TOTAL,GRADS,UC_GRADS
1100170000000,0,2,35,3,1
1100170000000,1,2,24,1,1
1100170000000,2,13,369,15,11
1100170000000,3,5,44,3,1
1100170000000,4,1,54,7,1
1100170000000,5,116,916,93,41
1100170000000,6,102,707,77,45
1100170000000,7,51,898,50,18
1100170000000,9,12,128,6,3
1316170000000,2,2,26,1,0
1316170000000,4,4,14,1,0
1316170000000,5,22,179,16,0
1316170000000,6,4,35,1,0
1316170000000,7,19,137,13,0
1611190000000,1,3,21,3,2
1611190000000,2,325,1506,301,196
1611190000000,3,7,69,5,2
1611190000000,4,84,479,77,30
1611190000000,5,144,952,112,42
1611190000000,6,114,862,82,15
1611190000000,7,264,1480,239,135
1611190000000,9,11,223,8,4
1611270000000,2,108,388,107,57
1611270000000,3,1,3,1,0
1611270000000,4,3,15,3,1
1611270000000,5,47,218,46,7
1611270000000,6,22,78,19,6
1611270000000,7,96,389,98,37
1611270000000,9,29,116,29,13
1611430000000,2,87,294,82,41
1611430000000,4,6,24,8,1
1611430000000,5,178,948,161,57
1611430000000,6,227,845,190,35
1611430000000,7,296,1212,286,213
1611430000000,9,72,320,59,36
1611500000000,0,7,23,3,2
1611500000000,1,2,9,2,1
1611500000000,2,171,727,167,132
1611500000000,3,4,18,3,2
1611500000000,4,27,88,28,18
1611500000000,5,186,736,170,67
1611500000000,6,54,241,50,15
1611500000000,7,255,1001,240,129
1611500000000,9,78,305,78,40
1611680000000,2,7,23,7,3
1611680000000,5,10,49,7,4
1611680000000,6,29,139,21,3
1611680000000,9,1,1,1,1
1611760000000,1,13,50,10,3
1611760000000,2,1243,5121,1201,968
1611760000000,3,20,75,19,9
1611760000000,4,145,646,134,62
1611760000000,5,376,1609,337,100
1611760000000,6,96,457,77,17
1611760000000,7,526,2090,492,248
1611760000000,9,49,196,45,22
1611920000000,1,11,41,9,4
1611920000000,2,123,623,106,76
1611920000000,3,85,288,74,35
1611920000000,4,121,587,113,73
1611920000000,5,767,3605,617,258
1611920000000,6,244,1042,195,57
1611920000000,7,135,585,108,58
1611920000000,9,28,165,23,13
1612000000000,0,1,6,1,0
1612000000000,1,7,21,7,4
1612000000000,2,58,215,54,36
1612000000000,3,4,13,4,2
1612000000000,4,28,120,27,18
1612000000000,5,257,1052,217,79
1612000000000,6,13,71,14,5
1612000000000,7,682,2390,663,376
1612000000000,9,65,283,61,35
1612340000000,0,1,4,1,0
1612340000000,1,2,6,2,1
1612340000000,2,56,241,54,25
1612340000000,3,11,47,9,1
1612340000000,4,46,211,44,21
1612340000000,5,252,984,212,35
1612340000000,6,32,157,23,4
1612340000000,7,109,396,102,27
1612340000000,9,34,69,31,10
1612420000000,1,2,5,2,1
1612420000000,2,258,904,225,155
1612420000000,3,40,169,30,20
1612420000000,4,234,912,206,111
1612420000000,5,444,1476,297,101
1612420000000,6,127,409,84,31
1612420000000,7,118,355,97,47
1612420000000,9,21,129,19,10
1612590000000,0,25,271,13,10
1612590000000,1,14,78,7,1
1612590000000,2,541,2720,440,278
1612590000000,3,35,263,28,11
1612590000000,4,30,162,28,17
1612590000000,5,1065,11631,896,506
1612590000000,6,1005,6953,746,250
1612590000000,7,170,1191,150,110
1612590000000,9,26,335,25,14
1612600000000,0,1,545,1,0
1612600000000,2,2,3579,1,0
1612600000000,5,24,7833,9,1
1612600000000,6,35,6553,14,1
1612600000000,7,5,3106,5,1
1612600000000,9,1,736,1,1
1612750000000,2,38,147,39,36
1612750000000,4,2,13,2,1
1612750000000,5,10,28,10,7
1612750000000,6,5,22,5,2
1612750000000,7,141,583,141,129
1612750000000,9,9,21,9,8
1612910000000,0,0,2,1,0
1612910000000,1,5,12,4,0
1612910000000,2,116,414,102,60
1612910000000,3,14,45,11,3
1612910000000,4,63,256,59,26
1612910000000,5,281,1194,212,38
1612910000000,6,161,564,132,32
1612910000000,7,78,298,59,15
1612910000000,9,6,36,5,1
1613090000000,1,6,18,5,1
1613090000000,2,147,705,140,103
1613090000000,3,25,76,20,7
1613090000000,4,101,355,97,54
1613090000000,5,473,2215,410,120
1613090000000,6,163,656,132,30
1613090000000,7,127,544,115,36
1613090000000,9,2,41,3,3
1750930000000,1,1,15,1,1
1750930000000,2,85,1645,84,77
1750930000000,3,2,21,1,0
1750930000000,4,28,349,28,20
1750930000000,5,67,501,55,23
1750930000000,6,38,267,35,19
1750930000000,7,202,1354,196,113
1750930000000,9,12,63,12,8
1751010000000,1,11,41,9,7
1751010000000,2,337,1389,333,277
1751010000000,3,4,25,5,2
1751010000000,4,37,132,34,27
1751010000000,5,124,465,113,52
1751010000000,6,25,109,21,8
1751010000000,7,749,2763,691,467
1751010000000,9,15,96,15,6
2100250000000,1,0,2,1,0
2613330000000,1,0,2,1,0
3100330000000,2,1,1,1,0
3100330000000,5,3,72,2,0
3100330000000,7,23,190,6,0
3739810000000,0,3,28,1,0
3739810000000,1,5,39,3,1
3739810000000,3,0,3,1,0
3739810000000,4,4,11,4,2
3739810000000,5,67,215,55,8
3739810000000,6,2,6,2,0
3739810000000,7,259,990,219,53
3739810000000,9,11,57,8,3
4100410000000,1,5,55,4,0
4100410000000,2,1,15,2,0
4100410000000,4,1,2,1,0
4100410000000,5,23,217,13,0
4100410000000,6,1,11,1,0
4100410000000,7,103,669,91,11
4100410000000,9,3,28,3,0
4614080000000,1,1,4,1,0
4614080000000,2,1,1,1,1
4614080000000,5,13,66,13,2
4614080000000,7,25,90,21,3
4614080000000,9,1,2,1,0
4614240000000,0,1,23,1,0
4614240000000,1,21,86,16,6
4614240000000,2,98,295,86,40
4614240000000,3,6,16,7,3
4614240000000,4,8,34,8,7
4614240000000,5,215,945,187,51
4614240000000,6,31,156,27,4
4614240000000,7,815,3428,753,326
4614240000000,9,15,72,10,2
4614320000000,2,1,2,1,0
4614320000000,5,21,76,19,4
4614320000000,6,1,2,1,0
4614320000000,7,66,237,66,20
4614320000000,9,2,5,1,1
4614400000000,1,7,20,5,0
4614400000000,5,4,11,5,0
4614400000000,7,3,11,6,0
4614400000000,9,2,4,2,0
4614570000000,7,6,38,2,0
4615150000000,1,14,86,15,0
4615150000000,2,124,435,118,37
4615150000000,3,0,4,1,1
4615150000000,4,2,3,2,1
4615150000000,5,113,510,88,11
4615150000000,6,13,50,11,0
4615150000000,7,289,1136,248,26
4615150000000,9,52,228,43,3
4615310000000,1,4,20,3,0
4615310000000,2,2,10,2,1
4615310000000,5,34,150,24,6
4615310000000,6,1,15,1,0
4615310000000,7,286,1205,255,55
4615310000000,9,20,84,12,3
4615320000000,7,10,2130,10,0
4615320000000,9,4,228,1,0
4755070000000,0,6,40,6,0
4755070000000,2,7,22,6,3
4755070000000,5,93,382,84,23
4755070000000,6,2,5,2,0
4755070000000,7,65,259,57,15
4755070000000,9,1,2,1,1
5100580000000,1,1,10,2,0
5100580000000,3,1,3,1,0
5100580000000,5,10,70,9,0
5100580000000,7,50,370,53,0
5100580000000,9,7,37,8,0
5100590000000,5,1,15,2,0
5100590000000,6,2,3,2,0
5100590000000,7,5,74,5,0
5615560000000,1,1,14,2,0
5615560000000,2,5,8,5,2
5615560000000,5,37,117,36,10
5615560000000,6,2,4,2,0
5615560000000,7,144,560,144,52
5615560000000,9,8,50,10,5
5615640000000,1,4,20,3,0
5615640000000,2,4,9,3,2
5615640000000,4,1,9,1,1
5615640000000,5,23,140,19,5
5615640000000,6,5,19,4,2
5615640000000,7,228,926,214,52
5615640000000,9,3,10,4,0
6100660000000,5,1,24,1,0
6100660000000,7,0,3,1,0
6615980000000,1,2,11,1,0
6615980000000,3,1,2,1,0
6615980000000,5,64,265,47,11
6615980000000,6,2,6,2,0
6615980000000,7,44,165,33,13
6616060000000,1,1,3,1,0
6616060000000,5,11,51,10,2
6616060000000,7,18,58,16,2
6616140000000,1,3,6,3,0
6616140000000,2,0,1,2,0
6616140000000,5,59,273,56,15
6616140000000,6,4,8,4,0
6616140000000,7,25,96,26,9
6616220000000,1,2,6,1,0
6616220000000,2,3,16,3,3
6616220000000,5,87,754,66,17
6616220000000,7,7,69,8,4
7100740000000,2,29,171,26,24
7100740000000,3,4,26,4,4
7100740000000,4,16,108,15,15
7100740000000,5,95,1110,78,60
7100740000000,6,52,380,27,13
7100740000000,7,286,1258,261,253
7100740000000,9,6,45,5,5
7616300000000,0,3,76,1,1
7616300000000,1,1,6,1,1
7616300000000,2,172,647,167,138
7616300000000,3,5,14,5,2
7616300000000,4,21,88,20,13
7616300000000,5,114,411,111,55
7616300000000,6,13,72,13,9
7616300000000,7,973,3682,965,738
7616300000000,9,90,353,90,52
7616480000000,0,4,11,2,1
7616480000000,1,13,77,12,5
7616480000000,2,84,567,72,43
7616480000000,3,18,92,11,0
7616480000000,4,76,539,64,30
7616480000000,5,558,3234,425,123
7616480000000,6,437,2687,280,40
7616480000000,7,408,2162,308,127
7616480000000,9,72,532,61,21
7616970000000,2,17,53,16,8
7616970000000,4,12,51,10,5
7616970000000,5,35,170,29,5
7616970000000,6,23,91,21,0
7616970000000,7,41,131,34,4
7616970000000,9,7,40,7,2
7617210000000,0,2,4,2,0
7617210000000,1,16,48,11,2
7617210000000,2,45,203,43,27
7617210000000,3,14,50,10,3
7617210000000,4,99,336,86,49
7617210000000,5,641,2521,515,144
7617210000000,6,180,666,118,30
7617210000000,7,1001,3617,878,384
7617210000000,9,28,259,25,9
7617390000000,1,1,7,1,0
7617390000000,2,8,41,9,7
7617390000000,3,1,5,1,0
7617390000000,4,7,31,7,4
7617390000000,5,96,352,86,29
7617390000000,6,12,40,10,2
7617390000000,7,218,791,192,84
7617390000000,9,39,148,36,15
7617540000000,0,15,203,1,0
7617540000000,1,12,51,11,1
7617540000000,2,166,742,161,86
7617540000000,3,35,122,31,7
7617540000000,4,103,513,92,34
7617540000000,5,787,3487,638,100
7617540000000,6,136,517,104,17
7617540000000,7,970,3646,899,336
7617540000000,9,27,139,23,6
7617880000000,0,1,14,3,0
7617880000000,2,26,155,25,12
7617880000000,3,9,61,9,4
7617880000000,4,39,260,38,19
7617880000000,5,341,2538,304,73
7617880000000,6,153,1092,135,25
7617880000000,7,51,296,41,13
7617880000000,9,6,45,6,1
7617960000000,0,2,14,4,1
7617960000000,1,8,22,5,1
7617960000000,2,261,932,242,139
7617960000000,3,16,76,12,4
7617960000000,4,137,574,125,73
7617960000000,5,1009,4418,778,276
7617960000000,6,487,2025,359,99
7617960000000,7,225,854,199,91
7617960000000,9,1,29,3,0
7618040000000,0,0,5,1,0
7618040000000,1,5,21,4,2
7618040000000,2,510,5932,515,427
7618040000000,3,7,37,6,3
7618040000000,4,60,585,60,37
7618040000000,5,191,1148,192,93
7618040000000,6,60,362,55,22
7618040000000,7,1290,6372,1276,828
7618040000000,9,141,1015,144,102
8100820000000,1,26,126,15,1
8100820000000,2,3,9,2,0
8100820000000,5,12,64,5,0
8100820000000,6,3,5,4,0
8100820000000,7,59,388,41,0
8618200000000,1,34,126,22,2
8618200000000,2,30,98,27,8
8618200000000,4,4,9,4,1
8618200000000,5,49,201,44,8
8618200000000,6,3,8,2,0
8618200000000,7,161,611,134,25
9100900000000,0,1,3,5,0
9100900000000,1,7,23,3,0
9100900000000,2,2,7,2,0
9100900000000,3,1,3,2,0
9100900000000,5,35,207,45,1
9100900000000,6,10,57,20,0
9100900000000,7,81,532,60,5
9100900000000,9,5,33,3,0
9618530000000,0,4,33,4,2
9618530000000,1,16,67,17,4
9618530000000,2,72,248,70,49
9618530000000,3,8,27,7,2
9618530000000,4,27,60,25,16
9618530000000,5,173,817,156,61
9618530000000,6,21,80,22,13
9618530000000,7,1363,5101,1293,649
9618530000000,9,27,440,27,7
9619030000000,1,3,15,3,3
9619030000000,2,4,24,3,2
9619030000000,4,18,59,16,7
9619030000000,5,103,460,83,16
9619030000000,6,6,19,5,1
9619030000000,7,159,904,146,60
9619030000000,9,1,17,1,0
9737830000000,1,8,21,7,2
9737830000000,2,2,7,1,0
9737830000000,3,1,1,1,0
9737830000000,5,6,54,6,3
9737830000000,7,115,724,112,22
9765960000000,7,0,135,1,0
10101100000000,2,17,104,5,0
10101100000000,3,0,2,1,0
10101100000000,5,198,1265,58,1
10101100000000,6,50,341,13,0
10101100000000,7,69,336,29,0
10621200000000,1,31,318,22,4
10621200000000,2,449,5080,407,292
10621200000000,3,12,99,11,7
10621200000000,4,49,722,49,34
10621200000000,5,910,13025,722,310
10621200000000,6,108,1324,88,54
10621200000000,7,1487,18072,1264,746
10621200000000,9,57,1185,47,33
10621300000000,0,1,33,1,0
10621300000000,2,7,80,6,2
10621300000000,4,2,20,1,1
10621300000000,5,190,3599,142,31
10621300000000,6,3,44,3,1
10621300000000,7,41,515,34,9
10621600000000,2,14,226,14,11
10621600000000,5,130,1905,128,53
10621600000000,6,2,17,3,0
10621600000000,7,15,230,16,10
10621700000000,0,4,12,10,0
10621700000000,1,42,458,28,4
10621700000000,2,847,8644,719,414
10621700000000,3,20,241,15,9
10621700000000,4,21,283,19,10
10621700000000,5,3185,47653,2316,761
10621700000000,6,561,6904,407,136
10621700000000,7,799,8823,668,311
10621700000000,9,33,671,23,7
10622600000000,2,11,38,10,7
10622600000000,5,162,668,136,45
10622600000000,7,110,391,103,49
10622600000000,9,5,33,4,3
10622700000000,0,3,34,2,0
10622700000000,1,4,38,2,0
10622700000000,2,9,114,9,5
10622700000000,3,1,4,1,1
10622700000000,4,6,52,6,2
10622700000000,5,662,8507,472,143
10622700000000,6,5,40,3,0
10622700000000,7,129,1072,99,36
10622700000000,9,6,93,3,0
10622800000000,5,26,590,26,9
10622800000000,7,1,73,10,2
10623300000000,5,7,386,1,0
10623600000000,5,218,3597,193,59
10623800000000,5,64,496,1,0
10624100000000,1,4,48,3,2
10624100000000,2,66,1083,66,43
10624100000000,4,2,60,2,2
10624100000000,5,547,7657,503,214
10624100000000,6,10,157,10,6
10624100000000,7,130,1733,125,67
10624100000000,9,3,124,3,0
10624300000000,2,20,273,17,11
10624300000000,4,1,13,1,1
10624300000000,5,355,5657,329,112
10624300000000,6,5,30,2,1
10624300000000,7,40,446,37,15
10625400000000,0,2,3,1,1
10625400000000,1,1,2,1,1
10625400000000,2,0,34,1,1
10625400000000,3,0,1,1,1
10625400000000,5,98,531,59,59
10625400000000,6,7,24,6,6
10625400000000,7,25,77,19,19
10625500000000,1,3,10,2,0
10625500000000,2,7,13,2,0
10625500000000,5,116,468,82,0
10625500000000,6,17,22,12,0
10625500000000,7,53,95,31,0
10738100000000,2,1,4,1,0
10738100000000,5,160,2135,145,57
10738100000000,7,7,136,5,1
10739700000000,0,6,89,6,1
10739700000000,1,7,106,5,2
10739700000000,2,166,1966,146,90
10739700000000,3,2,33,2,1
10739700000000,4,13,180,13,6
10739700000000,5,545,8293,421,115
10739700000000,6,109,1540,87,30
10739700000000,7,220,2867,194,76
10739700000000,9,12,188,6,3
10740000000000,1,1,23,1,1
10740000000000,2,24,261,22,14
10740000000000,3,1,1,1,0
10740000000000,5,229,3939,214,45
10740000000000,6,2,23,2,0
10740000000000,7,33,521,35,7
10751300000000,5,165,2815,138,55
10752300000000,5,90,1821,71,25
10752800000000,1,21,225,17,2
10752800000000,4,1,13,1,1
10752800000000,5,23,190,18,4
10752800000000,7,106,928,105,37
10754100000000,2,3,9,3,1
10754100000000,3,1,2,1,1
10754100000000,5,92,1273,87,47
10754100000000,6,3,19,3,2
10754100000000,7,17,248,17,9
10756000000000,2,8,93,8,8
10756000000000,5,97,1042,82,31
10756000000000,6,4,7,4,0
10756000000000,7,24,188,22,6
10767800000000,1,1,15,1,0
10767800000000,2,38,293,32,23
10767800000000,3,1,3,1,0
10767800000000,4,3,6,3,1
10767800000000,5,211,2111,174,53
10767800000000,6,34,434,30,2
10767800000000,7,32,230,29,15
11101200000000,5,20,128,7,0
11101200000000,6,2,2,1,0
11101200000000,7,18,204,10,0
11101200000000,9,5,16,5,1
11626500000000,1,4,51,4,0
11626500000000,5,13,139,11,6
11626500000000,7,7,114,6,2
11626500000000,9,2,8,1,0
11626600000000,1,3,41,2,0
11626600000000,2,5,82,3,1
11626600000000,3,1,8,1,0
11626600000000,4,1,4,1,0
11626600000000,5,56,695,49,3
11626600000000,7,67,611,54,5
11754800000000,2,4,58,4,2
11754800000000,5,81,1301,77,10
11754800000000,6,3,11,3,1
11754800000000,7,65,756,57,15
11765600000000,5,66,619,61,21
11765600000000,7,23,84,24,11
11765600000000,9,1,3,1,1
12101200000000,1,0,29,1,0
12101200000000,2,1,9,1,1
12101200000000,4,1,2,1,1
12101200000000,5,1,61,1,1
12101200000000,7,23,312,31,16
12101200000000,9,5,42,3,2
12626900000000,0,12,277,15,8
12626900000000,1,25,85,23,8
12626900000000,2,6,27,5,2
12626900000000,3,3,7,3,0
12626900000000,5,38,152,34,19
12626900000000,6,8,20,6,4
12626900000000,7,287,1054,266,144
12626900000000,9,8,100,9,3
12628100000000,1,17,62,13,2
12628100000000,2,3,18,3,2
12628100000000,3,1,2,1,1
12628100000000,4,2,10,1,1
12628100000000,5,46,202,42,9
12628100000000,6,2,5,2,0
12628100000000,7,182,761,172,50
12629000000000,1,54,852,47,2
12629000000000,5,1,46,1,0
12629000000000,7,9,108,6,1
12629300000000,2,1,1,1,0
12629300000000,5,7,61,6,0
12629300000000,7,24,120,15,0
12630300000000,5,4,148,3,1
12630300000000,7,23,525,21,6
12630300000000,9,4,90,3,0
12630400000000,0,0,3,1,0
12630400000000,1,4,26,4,0
12630400000000,2,1,11,1,0
12630400000000,5,6,87,5,0
12630400000000,7,51,571,44,0
12753700000000,1,1,26,1,0
12753700000000,5,4,92,5,1
12753700000000,7,31,392,28,5
12753800000000,1,13,51,14,0
12753800000000,2,1,12,1,0
12753800000000,5,5,65,5,0
12753800000000,7,59,600,58,0
12753800000000,9,8,49,10,0
12755200000000,0,4,33,4,0
12755200000000,1,17,211,20,1
12755200000000,2,42,385,42,15
12755200000000,3,3,59,3,0
12755200000000,4,2,29,1,1
12755200000000,5,41,642,36,5
12755200000000,6,5,99,4,2
12755200000000,7,226,2035,214,56
12755200000000,9,9,176,8,0
13101300000000,0,0,0,1,0
13101300000000,5,51,510,4,0
13101300000000,7,2,16,2,0
13630800000000,2,1,13,1,0
13630800000000,4,4,6,4,2
13630800000000,5,403,1561,355,67
13630800000000,6,5,16,6,0
13630800000000,7,43,221,44,20
13630800000000,9,3,12,4,2
13631000000000,2,3,46,4,3
13631000000000,5,676,9109,591,133
13631000000000,7,3,42,3,0
13631100000000,5,80,1041,75,23
13631100000000,6,3,28,3,1
13631100000000,7,8,98,8,3
13631200000000,1,2,26,1,0
13631200000000,2,15,87,16,13
13631200000000,3,3,10,3,1
13631200000000,5,809,9244,783,221
13631200000000,6,14,128,14,0
13631200000000,7,59,466,55,31
13631200000000,9,5,28,5,1
13631500000000,5,119,1376,111,41
13631500000000,7,12,183,10,7
13631500000000,9,2,17,1,0
13631600000000,2,2,39,3,1
13631600000000,4,2,32,2,0
13631600000000,5,138,2911,155,37
13631600000000,6,7,69,7,2
13631600000000,7,37,628,44,14
13631600000000,9,2,21,1,0
13632100000000,1,11,350,11,0
13632100000000,5,15,391,14,0
13632100000000,7,0,53,1,0
14101400000000,0,1,3,1,0
14101400000000,1,2,19,3,0
14101400000000,2,2,11,4,0
14101400000000,3,2,6,2,0
14101400000000,4,2,4,1,0
14101400000000,5,343,1174,310,0
14101400000000,6,103,386,111,0
14101400000000,7,16,54,18,0
14632500000000,1,4,90,5,1
14632500000000,5,1,28,1,0
14632500000000,7,4,58,4,2
14632700000000,7,2,23,4,0
14632900000000,1,3,52,3,2
14632900000000,2,2,7,1,1
14632900000000,5,16,189,13,4
14632900000000,7,8,124,8,4
14633000000000,5,1,24,1,0
14633000000000,7,0,26,1,0
14766900000000,0,1,66,4,2
14766900000000,1,24,262,22,3
14766900000000,2,4,29,3,0
14766900000000,5,59,675,55,14
14766900000000,6,3,6,2,1
14766900000000,7,90,852,83,39
14766900000000,9,9,91,10,5
15101600000000,1,6,40,5,1
15101600000000,2,4,52,1,0
15101600000000,4,10,44,3,2
15101600000000,5,521,2580,208,31
15101600000000,6,104,345,36,1
15101600000000,7,192,1451,119,13
15101600000000,9,6,28,3,1
15634100000000,1,2,5,1,0
15634100000000,2,9,40,10,3
15634100000000,3,0,1,1,0
15634100000000,4,118,490,114,67
15634100000000,5,845,3671,752,246
15634100000000,6,12,37,11,2
15634100000000,7,17,79,16,7
15635300000000,0,3,102,3,1
15635300000000,1,83,284,64,18
15635300000000,2,208,930,190,114
15635300000000,3,16,60,13,5
15635300000000,4,95,398,87,50
15635300000000,5,5736,23004,4716,1322
15635300000000,6,591,2347,446,115
15635300000000,7,2395,9379,2044,809
15635300000000,9,165,566,134,55
15636300000000,0,3,67,1,0
15636300000000,2,2,54,2,0
15636300000000,3,1,12,1,0
15636300000000,5,31,527,23,0
15636300000000,6,7,218,4,0
15636300000000,7,71,1408,60,1
15636800000000,2,1,18,1,0
15636800000000,4,1,22,1,0
15636800000000,5,69,1084,76,10
15636800000000,6,44,742,33,1
15636800000000,7,48,712,43,7
15636800000000,9,10,73,9,1
15636900000000,2,2,126,2,2
15636900000000,3,2,23,1,1
15636900000000,4,4,199,3,2
15636900000000,5,25,1489,26,8
15636900000000,6,12,190,9,4
15636900000000,7,77,3216,71,28
15636900000000,9,14,451,15,5
15637700000000,0,11,25,3,0
15637700000000,1,1,5,2,0
15637700000000,3,1,3,1,0
15637700000000,4,4,7,3,0
15637700000000,5,40,368,16,0
15637700000000,6,9,28,3,0
15637700000000,7,46,125,18,0
15637800000000,0,10,181,6,0
15637800000000,1,1,38,3,0
15637800000000,2,1,17,2,0
15637800000000,5,79,1599,89,8
15637800000000,6,14,300,19,2
15637800000000,7,69,1093,76,8
15638200000000,1,3,23,2,0
15638200000000,3,4,12,4,1
15638200000000,5,91,413,81,12
15638200000000,6,2,10,2,0
15638200000000,7,142,549,124,26
15638200000000,9,7,19,7,2
15638300000000,1,3,34,3,1
15638300000000,2,5,51,5,1
15638300000000,3,1,7,1,0
15638300000000,4,1,23,1,0
15638300000000,5,109,2056,90,17
15638300000000,6,4,75,3,0
15638300000000,7,248,2913,216,67
15638300000000,9,2,49,2,0
15638600000000,1,1,3,1,1
15638600000000,2,2,3,2,0
15638600000000,5,413,1618,359,86
15638600000000,6,6,40,4,0
15638600000000,7,20,90,18,2
15638600000000,9,3,6,4,2
15737400000000,1,1,63,1,0
15737400000000,2,13,137,13,8
15737400000000,3,5,54,4,0
15737400000000,4,7,103,7,4
15737400000000,5,82,1238,64,7
15737400000000,6,17,250,15,1
15737400000000,7,234,3101,210,37
15737400000000,9,4,62,5,1
15739100000000,5,169,3238,169,63
15739100000000,6,1,12,1,1
15739100000000,7,4,43,4,1
15751700000000,2,1,10,2,0
15751700000000,3,1,3,1,0
15751700000000,5,22,259,17,2
15751700000000,7,57,572,54,16
15751700000000,9,7,40,7,1
16101700000000,5,34,270,5,0
16101700000000,6,8,39,3,0
16101700000000,7,11,63,5,0
16638800000000,0,2,82,1,0
16638800000000,1,2,244,1,0
16638800000000,2,23,72,4,0
16638800000000,3,7,23,2,0
16638800000000,5,184,1816,100,0
16638800000000,6,23,209,11,0
16638800000000,7,92,1275,69,0
16638800000000,9,6,61,4,0
16638900000000,0,6,52,2,0
16638900000000,4,2,9,2,1
16638900000000,5,201,2865,125,5
16638900000000,6,10,111,7,1
16638900000000,7,28,284,18,0
16639300000000,1,7,24,5,0
16639300000000,2,26,88,26,12
16639300000000,4,30,89,28,19
16639300000000,5,519,2350,429,94
16639300000000,6,52,232,45,7
16639300000000,7,323,1386,281,115
16639300000000,9,4,29,4,2
16639800000000,1,17,70,13,3
16639800000000,2,8,35,5,4
16639800000000,4,57,146,51,23
16639800000000,5,240,1120,221,56
16639800000000,6,30,150,25,6
16639800000000,7,170,745,154,66
16739300000000,5,137,2556,116,0
16739300000000,7,7,48,5,0
17101700000000,1,3,12,1,0
17101700000000,5,3,13,3,0
17101700000000,7,10,35,5,0
17640100000000,1,2,56,2,0
17640100000000,2,1,16,1,0
17640100000000,5,45,640,42,5
17640100000000,6,2,26,2,0
17640100000000,7,94,827,92,14
17640100000000,9,3,32,3,0
17640200000000,1,8,106,8,3
17640200000000,2,3,19,3,2
17640200000000,3,1,4,1,0
17640200000000,5,62,985,51,17
17640200000000,6,9,105,8,0
17640200000000,7,115,1600,96,25
17640200000000,9,6,227,5,2
17640300000000,1,6,150,2,0
17640300000000,2,1,14,1,1
17640300000000,5,25,417,22,5
17640300000000,7,74,870,68,25
17640300000000,9,11,44,11,5
17640600000000,0,1,4,1,0
17640600000000,1,3,95,3,1
17640600000000,2,1,14,1,0
17640600000000,3,1,12,1,0
17640600000000,5,20,487,21,7
17640600000000,7,96,1485,96,31
17640600000000,9,1,51,1,1
17640700000000,1,9,38,8,1
17640700000000,2,3,7,2,1
17640700000000,5,18,88,13,5
17640700000000,7,54,198,45,5
17640700000000,9,3,18,3,1
18101800000000,5,1,5,1,0
18101800000000,7,6,30,1,0
18640900000000,5,2,33,2,1
18640900000000,7,15,155,13,10
18641400000000,1,8,57,6,0
18641400000000,3,1,8,1,1
18641400000000,4,3,9,3,1
18641400000000,5,23,147,22,4
18641400000000,6,4,18,4,0
18641400000000,7,175,729,160,36
18641600000000,1,1,16,1,0
18641600000000,5,3,33,3,0
18641600000000,7,23,259,20,0
18642000000000,1,4,87,4,0
18642000000000,2,1,16,1,0
18642000000000,5,13,238,11,0
18642000000000,6,4,25,2,0
18642000000000,7,45,916,44,0
18750400000000,1,2,12,1,0
18750400000000,5,3,32,4,0
18750400000000,7,24,241,21,0
18767300000000,0,1,1,1,0
18767300000000,1,1,22,1,0
18767300000000,5,6,46,8,0
18767300000000,6,1,11,1,0
18767300000000,7,46,296,33,0
19102000000000,0,4,53,1,1
19102000000000,1,4,38,6,0
19102000000000,2,31,148,33,16
19102000000000,3,2,17,1,1
19102000000000,4,9,67,10,2
19102000000000,5,861,6364,634,128
19102000000000,6,175,1644,121,27
19102000000000,7,132,711,124,69
19102000000000,9,6,94,4,0
19642100000000,0,5,77,6,4
19642100000000,1,7,56,7,0
19642100000000,2,512,5230,495,357
19642100000000,3,19,163,18,7
19642100000000,4,182,2230,178,92
19642100000000,5,753,9165,647,165
19642100000000,6,174,1946,160,60
19642100000000,7,125,1497,112,39
19642100000000,9,34,481,34,15
19642500000000,0,182,622,190,34
19642500000000,1,88,237,32,1
19642500000000,2,95,370,86,50
19642500000000,3,13,59,9,3
19642500000000,4,116,386,105,51
19642500000000,5,3493,13158,2439,733
19642500000000,6,1318,4636,844,184
19642500000000,7,1412,4934,1089,365
19642500000000,9,72,414,48,8
19642600000000,1,1,15,1,1
19642600000000,2,610,6268,599,459
19642600000000,4,25,279,23,13
19642600000000,5,123,1312,109,36
19642600000000,6,15,189,13,3
19642600000000,7,118,1570,116,73
19642600000000,9,2,11,2,1
19642800000000,2,7,75,5,4
19642800000000,3,2,8,2,0
19642800000000,4,11,111,8,4
19642800000000,5,683,8991,609,158
19642800000000,6,10,120,4,0
19642800000000,7,36,373,32,11
19642800000000,9,8,56,8,3
19642900000000,1,5,48,6,3
19642900000000,2,82,738,72,44
19642900000000,3,6,31,4,1
19642900000000,4,27,310,21,13
19642900000000,5,1742,16354,1530,499
19642900000000,6,132,622,144,64
19642900000000,7,111,633,117,49
19642900000000,9,20,103,24,13
19643000000000,1,1,51,1,1
19643000000000,2,54,605,53,32
19643000000000,3,13,157,10,1
19643000000000,4,69,658,68,34
19643000000000,5,978,12503,830,240
19643000000000,6,187,1912,153,41
19643000000000,7,183,1654,166,46
19643000000000,9,18,374,18,3
19643100000000,1,3,14,2,1
19643100000000,2,82,612,77,62
19643100000000,3,3,9,3,2
19643100000000,4,7,48,7,4
19643100000000,5,31,315,28,15
19643100000000,6,37,191,36,13
19643100000000,7,389,3289,350,238
19643100000000,9,1,37,1,0
19643300000000,0,19,220,17,5
19643300000000,1,1,23,1,1
19643300000000,2,30,469,29,18
19643300000000,3,1,18,1,0
19643300000000,4,18,181,18,11
19643300000000,5,392,4634,360,143
19643300000000,6,40,362,36,9
19643300000000,7,306,3500,288,135
19643300000000,9,41,463,40,23
19643400000000,0,7,124,7,1
19643400000000,1,1,33,1,0
19643400000000,2,117,961,111,75
19643400000000,3,3,24,3,0
19643400000000,4,84,665,75,40
19643400000000,5,711,6492,642,120
19643400000000,6,37,427,32,10
19643400000000,7,700,7363,691,243
19643400000000,9,38,457,43,16
19643500000000,0,6,70,7,1
19643500000000,2,54,278,44,32
19643500000000,3,18,71,18,4
19643500000000,4,26,175,19,12
19643500000000,5,1258,5931,880,285
19643500000000,6,304,1189,216,68
19643500000000,7,56,1560,34,17
19643500000000,9,9,215,8,4
19643800000000,1,3,39,3,2
19643800000000,2,17,241,17,15
19643800000000,3,1,28,1,0
19643800000000,4,11,118,11,9
19643800000000,5,309,3360,297,117
19643800000000,6,16,183,15,9
19643800000000,7,141,1386,135,59
19643800000000,9,13,189,13,7
19643900000000,0,11,228,11,8
19643900000000,1,3,22,3,3
19643900000000,2,67,637,65,59
19643900000000,3,3,15,3,3
19643900000000,4,14,91,13,13
19643900000000,5,227,2631,218,111
19643900000000,6,52,454,47,23
19643900000000,7,260,2616,255,198
19643900000000,9,15,324,14,13
19644400000000,1,15,72,14,5
19644400000000,2,152,1441,143,112
19644400000000,3,19,76,16,8
19644400000000,4,73,492,68,45
19644400000000,5,1228,12473,1118,442
19644400000000,6,209,1619,187,66
19644400000000,7,305,3209,270,144
19644400000000,9,10,328,8,3
19644500000000,1,9,75,9,4
19644500000000,2,54,474,52,44
19644500000000,3,3,53,3,2
19644500000000,4,22,224,21,14
19644500000000,5,1748,19842,1642,546
19644500000000,6,56,679,52,12
19644500000000,7,168,1434,157,55
19644500000000,9,1,66,1,0
19644700000000,2,11,128,11,7
19644700000000,4,12,168,11,7
19644700000000,5,231,2825,214,67
19644700000000,6,25,217,23,6
19644700000000,7,25,318,24,14
19644700000000,9,4,79,4,2
19645200000000,1,3,16,1,1
19645200000000,2,524,1911,477,358
19645200000000,3,2,9,1,0
19645200000000,4,7,55,5,4
19645200000000,5,1922,7599,1499,530
19645200000000,6,6,26,3,0
19645200000000,7,52,168,43,15
19645200000000,9,9,28,10,5
19645300000000,2,3,25,4,2
19645300000000,4,6,45,5,1
19645300000000,5,820,9426,720,267
19645300000000,6,7,41,7,3
19645300000000,7,12,95,11,2
19645400000000,2,16,234,16,12
19645400000000,3,2,17,2,2
19645400000000,4,5,44,6,3
19645400000000,5,70,761,72,51
19645400000000,6,11,134,9,8
19645400000000,7,147,1840,146,117
19645400000000,9,38,367,38,29
19645700000000,1,5,46,3,1
19645700000000,2,304,3205,289,222
19645700000000,3,6,26,6,4
19645700000000,4,177,1727,162,86
19645700000000,5,525,6046,426,125
19645700000000,6,32,348,24,7
19645700000000,7,1342,14337,1226,575
19645700000000,9,16,445,15,8
19645800000000,0,1,10,1,0
19645800000000,1,0,26,1,0
19645800000000,2,38,495,37,29
19645800000000,3,1,18,1,1
19645800000000,4,24,194,25,17
19645800000000,5,287,3505,270,84
19645800000000,6,14,204,11,4
19645800000000,7,447,4550,438,177
19645800000000,9,22,297,22,14
19645900000000,2,9,240,9,7
19645900000000,3,4,136,1,1
19645900000000,4,10,156,9,5
19645900000000,5,94,6295,83,54
19645900000000,6,10,1946,8,5
19645900000000,7,2,190,2,1
19646000000000,0,2,5,1,0
19646000000000,1,7,20,3,0
19646000000000,2,3,80,6,2
19646000000000,4,3,25,3,0
19646000000000,5,149,811,136,28
19646000000000,6,29,141,21,5
19646000000000,7,99,1440,113,29
19646000000000,9,6,141,6,1
19646300000000,1,6,88,5,1
19646300000000,2,3,57,3,1
19646300000000,3,6,60,5,0
19646300000000,4,3,40,3,2
19646300000000,5,565,8256,501,78
19646300000000,6,346,5625,318,62
19646300000000,7,4,257,3,1
19646300000000,9,0,37,1,0
19646600000000,1,1,7,1,1
19646600000000,2,104,1063,102,87
19646600000000,4,2,30,2,0
19646600000000,5,23,412,21,16
19646600000000,6,1,21,1,1
19646600000000,7,229,2325,224,177
19646600000000,9,18,259,18,15
19646800000000,1,2,43,2,1
19646800000000,2,68,796,65,48
19646800000000,3,2,14,2,2
19646800000000,4,9,77,9,5
19646800000000,5,80,1032,76,32
19646800000000,6,28,224,28,7
19646800000000,7,861,8765,832,424
19646800000000,9,1,282,1,0
19646900000000,2,5,333,5,4
19646900000000,5,86,4769,75,74
19646900000000,6,10,583,8,7
19646900000000,7,4,315,4,4
19647100000000,0,1,83,3,2
19647100000000,5,275,6512,259,137
19647100000000,6,1,346,1,0
19647300000000,0,809,6921,426,64
19647300000000,1,193,2713,148,42
19647300000000,2,2609,32564,2336,1441
19647300000000,3,254,3751,214,67
19647300000000,4,1568,16329,1436,793
19647300000000,5,35730,527273,29595,9789
19647300000000,6,5689,74329,4438,1519
19647300000000,7,4897,72350,4310,2285
19647300000000,9,76,1520,70,41
19647700000000,1,3,12,2,0
19647700000000,3,3,56,1,1
19647700000000,5,1103,16106,837,302
19647700000000,6,75,779,58,16
19647700000000,7,1,1029,2,1
19647900000000,2,7,199,5,5
19647900000000,3,1,18,1,0
19647900000000,4,9,171,7,5
19647900000000,5,278,3569,239,83
19647900000000,6,56,471,45,17
19647900000000,7,123,1398,114,67
19647900000000,9,3,80,4,1
19648100000000,0,1,31,1,0
19648100000000,1,3,69,1,0
19648100000000,2,87,635,74,56
19648100000000,3,3,32,2,1
19648100000000,4,8,89,8,6
19648100000000,5,2651,29087,2054,481
19648100000000,6,5,78,2,0
19648100000000,7,54,485,39,13
19648100000000,9,7,58,6,2
19648400000000,0,6,182,2,0
19648400000000,1,2,30,2,1
19648400000000,2,58,705,48,36
19648400000000,3,9,99,8,2
19648400000000,4,50,508,47,37
19648400000000,5,1313,15521,1133,332
19648400000000,6,78,529,62,26
19648400000000,7,207,1976,183,69
19648400000000,9,24,220,23,9
19648600000000,0,1,196,2,0
19648600000000,1,5,150,3,0
19648600000000,5,234,15039,22,0
19648600000000,6,63,3447,10,0
19648600000000,7,51,1678,12,0
19648700000000,0,1,16,2,1
19648700000000,1,1,21,1,0
19648700000000,2,270,3336,269,234
19648700000000,3,11,152,9,4
19648700000000,4,45,351,43,30
19648700000000,5,1338,14895,1114,373
19648700000000,6,164,1704,137,36
19648700000000,7,663,6736,657,505
19648700000000,9,13,526,12,11
19648800000000,0,5,151,1,1
19648800000000,1,6,49,6,3
19648800000000,2,32,782,35,31
19648800000000,3,5,42,4,4
19648800000000,4,29,319,28,25
19648800000000,5,1021,11569,767,626
19648800000000,6,315,3055,246,199
19648800000000,7,182,3059,150,130
19648800000000,9,56,514,49,47
19649100000000,0,2,37,1,0
19649100000000,1,4,71,4,0
19649100000000,2,85,1091,85,5
19649100000000,3,0,30,1,0
19649100000000,4,29,330,28,0
19649100000000,5,1528,22757,1258,46
19649100000000,6,115,1505,106,13
19649100000000,7,69,1060,69,4
19649100000000,9,35,305,29,1
19649600000000,2,167,1733,166,140
19649600000000,4,3,21,3,2
19649600000000,5,27,309,26,18
19649600000000,6,3,24,3,2
19649600000000,7,92,895,91,70
19649600000000,9,5,157,5,4
19649800000000,1,1,32,1,0
19649800000000,2,66,664,63,47
19649800000000,3,2,29,2,1
19649800000000,4,8,71,7,5
19649800000000,5,342,3370,307,194
19649800000000,6,98,720,86,45
19649800000000,7,475,5862,439,311
19649800000000,9,48,618,50,42
19650300000000,1,2,16,2,1
19650300000000,2,144,1614,139,114
19650300000000,4,8,110,8,6
19650300000000,5,72,1105,71,26
19650300000000,6,8,110,7,1
19650300000000,7,121,1460,116,86
19650300000000,9,6,216,5,2
19650500000000,1,2,32,1,1
19650500000000,2,340,3911,330,240
19650500000000,3,1,31,1,0
19650500000000,4,8,227,8,5
19650500000000,5,86,3784,83,35
19650500000000,6,8,419,7,2
19650500000000,7,59,2511,55,25
19650500000000,9,6,437,5,3
19650600000000,0,47,422,44,24
19650600000000,1,16,102,16,6
19650600000000,2,673,7292,665,489
19650600000000,3,14,163,16,5
19650600000000,4,128,1077,125,75
19650600000000,5,503,6015,479,143
19650600000000,6,126,1058,111,37
19650600000000,7,674,6761,646,322
19650600000000,9,61,1434,58,27
19650900000000,0,16,185,2,0
19650900000000,1,3,64,2,1
19650900000000,2,97,1157,100,68
19650900000000,4,61,569,56,24
19650900000000,5,649,8717,596,154
19650900000000,6,78,1195,70,8
19650900000000,7,176,2463,164,24
19651300000000,1,13,44,11,0
19651300000000,2,47,147,44,0
19651300000000,3,10,32,10,0
19651300000000,4,32,143,32,0
19651300000000,5,2958,11639,2506,4
19651300000000,6,45,143,34,0
19651300000000,7,349,1333,312,1
19651300000000,9,0,4,1,0
19651400000000,0,4,22,5,2
19651400000000,1,18,93,15,4
19651400000000,2,293,1644,287,230
19651400000000,3,17,54,17,9
19651400000000,4,213,1087,202,153
19651400000000,5,1689,9128,1445,604
19651400000000,6,315,1318,258,135
19651400000000,7,2298,12104,2188,1305
19651400000000,9,56,923,53,28
19651700000000,2,18,151,18,18
19651700000000,3,2,38,2,2
19651700000000,4,8,67,8,8
19651700000000,5,158,2148,157,157
19651700000000,6,54,679,53,53
19651700000000,7,35,580,35,35
19734400000000,0,13,30,9,0
19734400000000,1,1,35,1,0
19734400000000,3,8,161,6,1
19734400000000,4,1,18,1,0
19734400000000,5,1165,19456,806,151
19734400000000,6,367,4867,277,32
19734400000000,7,2,84,2,0
19734500000000,0,5,78,4,1
19734500000000,1,4,49,3,2
19734500000000,2,516,5493,471,286
19734500000000,3,10,114,11,3
19734500000000,4,141,1574,128,78
19734500000000,5,2123,26250,1699,441
19734500000000,6,64,575,43,7
19734500000000,7,131,1402,109,38
19734500000000,9,19,324,15,8
19734600000000,1,1,9,1,0
19734600000000,2,903,8355,905,300
19734600000000,3,15,105,15,5
19734600000000,4,118,816,113,27
19734600000000,5,328,3306,326,49
19734600000000,6,50,407,49,9
19734600000000,7,163,1429,163,23
19734600000000,9,6,232,6,2
19752900000000,0,11,82,11,0
19752900000000,1,3,17,2,0
19752900000000,2,306,2789,287,194
19752900000000,3,3,20,6,0
19752900000000,4,14,132,12,8
19752900000000,5,363,2790,381,41
19752900000000,6,17,130,21,0
19752900000000,7,74,561,87,13
19752900000000,9,6,52,9,1
19753100000000,0,4,111,2,2
19753100000000,2,2,10,1,1
19753100000000,5,78,528,34,29
19753100000000,7,84,774,65,57
19753100000000,9,1,33,1,1
19753300000000,1,1,4,1,0
19753300000000,2,53,597,54,49
19753300000000,4,2,33,2,2
19753300000000,5,85,801,75,65
19753300000000,6,25,155,24,23
19753300000000,7,369,4338,353,309
19753300000000,9,51,888,47,39
19753400000000,1,6,47,6,3
19753400000000,2,65,960,61,49
19753400000000,3,5,85,5,2
19753400000000,4,15,221,15,13
19753400000000,5,201,2037,174,77
19753400000000,6,58,572,50,21
19753400000000,7,358,4576,306,189
19753400000000,9,20,468,21,9
19757000000000,0,2,10,2,1
19757000000000,1,1,4,1,1
19757000000000,2,1,3,1,1
19757000000000,3,1,1,1,0
19757000000000,4,1,2,1,1
19757000000000,5,88,314,74,50
19757000000000,6,10,37,9,3
19757000000000,7,7,40,5,3
19757100000000,2,1191,9042,1074,758
19757100000000,4,31,269,28,9
19757100000000,5,783,7828,673,169
19757100000000,6,12,121,8,2
19757100000000,7,56,398,45,16
19757100000000,9,33,349,34,18
19765000000000,5,33,263,16,16
19765000000000,6,6,112,4,4
20102100000000,1,1,7,1,0
20102100000000,5,240,744,99,0
20102100000000,6,13,30,7,0
20102100000000,7,53,160,17,0
20102100000000,9,3,9,2,0
20652000000000,1,1,8,1,1
20652000000000,2,2,11,1,1
20652000000000,3,1,4,1,1
20652000000000,4,4,8,4,1
20652000000000,5,118,572,92,33
20652000000000,6,8,34,6,3
20652000000000,7,78,374,76,31
20652000000000,9,2,5,2,0
20652400000000,0,10,42,10,4
20652400000000,1,5,103,5,2
20652400000000,2,23,241,24,14
20652400000000,3,1,14,1,1
20652400000000,5,1024,17356,841,230
20652400000000,6,34,433,27,5
20652400000000,7,160,1674,144,47
20755800000000,1,2,21,2,2
20755800000000,2,3,41,3,3
20755800000000,3,2,4,2,1
20755800000000,4,2,8,2,2
20755800000000,5,63,704,57,30
20755800000000,6,4,31,3,1
20755800000000,7,99,1129,88,56
20755800000000,9,1,14,1,0
20756100000000,1,5,70,2,1
20756100000000,5,29,201,26,7
20756100000000,7,65,692,60,27
20756100000000,9,7,72,5,3
20764100000000,1,10,98,8,1
20764100000000,2,5,17,5,4
20764100000000,5,33,314,29,6
20764100000000,7,158,1531,136,46
20764100000000,9,12,133,11,3
21102200000000,5,21,136,12,0
21102200000000,6,8,49,2,0
21102200000000,7,11,156,3,0
21102200000000,9,3,8,3,0
21654200000000,0,1,11,2,1
21654200000000,1,1,44,1,0
21654200000000,2,35,393,34,23
21654200000000,4,2,78,2,1
21654200000000,5,166,2637,150,41
21654200000000,6,24,271,24,3
21654200000000,7,339,4209,326,181
21654200000000,9,27,387,26,10
21654700000000,0,7,10,7,4
21654700000000,1,7,49,7,2
21654700000000,2,34,162,33,23
21654700000000,3,2,13,2,0
21654700000000,4,3,31,3,2
21654700000000,5,236,1105,208,80
21654700000000,6,15,178,13,6
21654700000000,7,198,879,195,133
21654700000000,9,6,50,6,2
21654800000000,0,11,25,9,5
21654800000000,1,1,5,2,1
21654800000000,2,54,196,54,46
21654800000000,3,5,10,5,3
21654800000000,4,4,15,3,0
21654800000000,5,86,345,80,49
21654800000000,6,31,103,27,10
21654800000000,7,766,2976,754,595
21654800000000,9,23,232,23,17
21733600000000,0,1,2,1,0
21733600000000,3,1,3,1,1
21733600000000,5,16,276,15,4
21733600000000,6,1,4,1,0
21733600000000,7,34,255,32,15
22102200000000,1,2,2,2,0
22102200000000,5,2,13,4,0
22102200000000,7,9,53,5,0
22102200000000,9,1,3,1,0
22655300000000,0,3,31,3,1
22655300000000,1,10,95,10,2
22655300000000,5,15,248,12,2
22655300000000,6,2,15,3,0
22655300000000,7,111,1330,101,24
22655300000000,9,9,89,10,1
23102300000000,1,2,21,1,0
23102300000000,5,6,44,4,0
23102300000000,7,2,55,4,0
23655400000000,5,34,424,31,12
23655400000000,7,13,127,11,8
23655600000000,7,2,142,2,2
23655700000000,1,2,24,2,1
23655700000000,4,1,5,1,1
23655700000000,5,52,810,49,22
23655700000000,6,1,14,1,0
23655700000000,7,68,997,61,23
23655700000000,9,7,92,6,1
23655800000000,2,3,15,3,2
23655800000000,4,1,3,1,0
23655800000000,5,4,50,4,2
23655800000000,7,47,435,47,18
23656000000000,1,2,12,1,0
23656000000000,3,1,1,1,0
23656000000000,5,20,76,19,4
23656000000000,7,19,81,19,3
23656100000000,1,24,287,12,1
23656100000000,6,2,4,2,0
23656100000000,7,9,57,3,0
23656200000000,0,3,49,2,0
23656200000000,1,46,604,19,0
23656200000000,2,7,88,7,2
23656200000000,3,3,18,2,1
23656200000000,4,7,44,7,1
23656200000000,5,234,3358,174,13
23656200000000,6,4,82,3,0
23656200000000,7,356,3789,300,60
23656200000000,9,10,123,8,1
23738700000000,1,1,14,1,0
23738700000000,4,1,1,1,0
23738700000000,5,5,99,4,0
23738700000000,7,19,162,19,2
23739200000000,0,1,2,1,0
23739200000000,1,11,58,11,1
23739200000000,5,1,53,1,0
23739200000000,6,1,5,1,1
23739200000000,7,29,271,28,8
23739200000000,9,2,14,2,2
23752200000000,5,1,7,1,0
23752200000000,7,1,94,1,0
24102500000000,2,11,50,6,1
24102500000000,3,1,4,1,0
24102500000000,4,1,3,1,0
24102500000000,5,295,996,170,0
24102500000000,6,23,98,11,0
24102500000000,7,53,282,26,1
24102500000000,9,11,29,8,0
24657000000000,1,1,9,1,0
24657000000000,2,5,25,5,1
24657000000000,5,74,860,61,16
24657000000000,7,103,1323,96,26
24657300000000,5,116,469,104,22
24657300000000,6,1,2,1,0
24657300000000,7,8,24,8,3
24657600000000,1,6,56,4,0
24657600000000,2,7,163,7,6
24657600000000,3,4,64,4,1
24657600000000,4,11,87,10,8
24657600000000,5,468,8011,416,111
24657600000000,6,30,270,24,8
24657600000000,7,125,1945,123,42
24657600000000,9,13,138,13,4
24657900000000,0,1,6,1,0
24657900000000,1,12,52,11,2
24657900000000,2,322,1173,298,155
24657900000000,4,26,95,26,17
24657900000000,5,1470,6255,1254,335
24657900000000,6,97,422,75,13
24657900000000,7,507,1900,453,158
24657900000000,9,46,166,45,18
24736200000000,2,2,16,2,1
24736200000000,5,65,1360,63,14
24736200000000,7,39,345,40,7
24736200000000,9,2,15,3,1
24753200000000,0,3,13,3,0
24753200000000,1,1,27,1,1
24753200000000,5,104,1684,99,23
24753200000000,6,8,84,8,0
24753200000000,7,31,446,32,8
24753700000000,2,5,87,4,3
24753700000000,3,2,6,2,0
24753700000000,4,2,6,1,1
24753700000000,5,165,2397,154,49
24753700000000,7,17,203,18,5
25102600000000,7,2,28,1,1
25102600000000,9,1,3,1,1
25659000000000,5,2,26,1,0
25659000000000,7,10,72,9,1
25735900000000,1,3,49,4,2
25735900000000,5,41,466,38,10
25735900000000,7,58,696,55,20
25735900000000,9,2,25,2,1
26102600000000,0,13,13,2,0
26102600000000,1,12,16,1,0
26102600000000,2,12,12,1,0
26102600000000,3,2,2,1,0
26102600000000,5,201,223,98,0
26102600000000,6,72,73,15,0
26102600000000,7,77,86,31,0
26102600000000,9,3,4,1,0
26736700000000,1,1,32,1,0
26736700000000,5,13,165,11,0
26736700000000,7,10,229,9,0
26736900000000,0,32,487,26,17
26736900000000,5,28,630,22,3
26736900000000,9,3,11,3,1
27102700000000,0,46,131,6,0
27102700000000,1,3,9,2,0
27102700000000,2,5,26,2,0
27102700000000,3,1,4,1,0
27102700000000,4,2,22,1,0
27102700000000,5,174,812,104,1
27102700000000,6,6,42,8,0
27102700000000,7,31,471,31,0
27102700000000,9,6,89,5,0
27659900000000,0,2,52,2,2
27659900000000,2,4,71,4,4
27659900000000,5,33,424,29,21
27659900000000,7,132,1574,124,98
27659900000000,9,11,204,11,5
27660700000000,1,3,7,2,0
27660700000000,2,1,9,1,1
27660700000000,3,1,1,1,0
27660700000000,4,6,14,6,2
27660700000000,5,443,1811,377,58
27660700000000,6,3,5,1,0
27660700000000,7,29,98,29,8
27660700000000,9,0,26,1,0
27660900000000,1,3,32,1,1
27660900000000,2,58,597,52,35
27660900000000,3,25,240,25,9
27660900000000,4,41,432,38,20
27660900000000,5,356,5676,287,95
27660900000000,6,64,689,57,26
27660900000000,7,213,2419,187,97
27660900000000,9,28,643,31,17
27661300000000,0,2,52,2,1
27661300000000,1,1,9,1,0
27661300000000,2,10,163,10,5
27661300000000,3,1,18,1,0
27661300000000,5,19,371,19,3
27661300000000,6,4,41,4,0
27661300000000,7,87,1272,88,24
27661600000000,0,3,10,1,1
27661600000000,1,11,41,6,1
27661600000000,2,38,179,37,22
27661600000000,3,12,49,9,2
27661600000000,4,98,483,87,39
27661600000000,5,2057,11548,1560,440
27661600000000,6,54,192,38,9
27661600000000,7,250,1337,197,92
27661600000000,9,2,40,2,2
27738300000000,1,1,15,1,0
27738300000000,2,7,23,6,3
27738300000000,4,9,51,7,1
27738300000000,5,257,3486,226,81
27738300000000,6,2,26,2,0
27738300000000,7,92,653,77,21
27751500000000,5,2,16,1,1
27751500000000,7,2,54,1,1
27754400000000,2,4,35,3,1
27754400000000,3,1,5,1,0
27754400000000,4,6,46,5,1
27754400000000,5,324,4476,254,57
27754400000000,6,2,19,1,0
27754400000000,7,10,105,8,5
27754700000000,4,2,15,2,0
27754700000000,5,196,2323,139,47
27754700000000,7,6,74,7,1
28102800000000,4,1,2,1,0
28102800000000,5,28,94,33,0
28102800000000,7,5,31,9,0
28662400000000,5,44,627,45,45
28662400000000,7,12,141,12,11
28662700000000,0,10,318,10,4
28662700000000,1,13,92,10,3
28662700000000,2,27,380,26,19
28662700000000,3,5,70,6,2
28662700000000,4,94,1118,94,59
28662700000000,5,650,9532,498,108
28662700000000,6,42,415,35,15
28662700000000,7,543,5620,493,208
28662700000000,9,63,781,57,27
28662900000000,4,2,4,2,1
28662900000000,5,59,665,54,18
28662900000000,6,1,9,1,1
28662900000000,7,56,593,56,31
28662900000000,9,1,6,1,1
29103000000000,0,135,149,66,0
29103000000000,1,13,40,7,0
29103000000000,2,34,52,14,1
29103000000000,3,5,11,2,0
29103000000000,4,6,7,2,0
29103000000000,5,772,1115,379,22
29103000000000,6,340,395,142,8
29103000000000,7,279,1593,195,32
29103000000000,9,43,49,24,0
29663600000000,1,23,59,19,6
29663600000000,2,14,39,12,8
29663600000000,3,2,11,2,0
29663600000000,4,2,9,2,0
29663600000000,5,54,256,45,13
29663600000000,6,13,28,9,4
29663600000000,7,769,2802,689,286
29663600000000,9,18,96,18,8
29664000000000,1,1,8,1,0
29664000000000,5,2,30,1,0
29664000000000,7,7,205,8,0
30103100000000,0,25,133,18,0
30103100000000,1,13,55,10,0
30103100000000,2,55,463,55,0
30103100000000,3,9,32,5,0
30103100000000,4,4,38,5,0
30103100000000,5,1248,4316,842,0
30103100000000,6,34,179,27,0
30103100000000,7,407,1828,333,0
30103100000000,9,26,140,22,0
30664300000000,1,9,152,8,1
30664300000000,2,685,3911,656,432
30664300000000,3,44,236,38,11
30664300000000,4,189,1260,180,91
30664300000000,5,3257,20582,2592,662
30664300000000,6,137,878,113,26
30664300000000,7,742,4005,667,223
30664300000000,9,211,1057,188,88
30664500000000,1,4,18,4,1
30664500000000,2,101,1107,99,77
30664500000000,3,2,25,2,2
30664500000000,4,12,181,11,9
30664500000000,5,141,2038,134,48
30664500000000,6,13,113,13,9
30664500000000,7,247,2376,247,141
30664500000000,9,5,114,5,3
30664600000000,0,6,169,6,4
30664600000000,1,12,181,12,5
30664600000000,2,209,3670,205,157
30664600000000,3,7,102,8,3
30664600000000,4,68,1126,68,40
30664600000000,5,949,16913,887,320
30664600000000,6,61,949,63,24
30664600000000,7,2568,32893,2537,1442
30664600000000,9,215,3131,217,132
30665100000000,0,5,287,2,1
30665100000000,1,11,83,10,3
30665100000000,2,615,5532,606,500
30665100000000,3,7,66,8,3
30665100000000,4,123,739,121,85
30665100000000,5,1615,14683,1689,528
30665100000000,6,59,505,72,21
30665100000000,7,739,5860,749,400
30665100000000,9,54,683,55,40
30665200000000,1,8,73,7,4
30665200000000,2,1442,15673,1317,936
30665200000000,3,29,354,25,6
30665200000000,4,61,586,58,30
30665200000000,5,1855,25467,1630,617
30665200000000,6,30,403,27,13
30665200000000,7,478,4721,429,207
30665200000000,9,1,107,2,1
30665500000000,0,70,407,54,16
30665500000000,1,301,981,249,124
30665500000000,2,909,3687,834,572
30665500000000,3,35,118,28,11
30665500000000,4,43,170,40,29
30665500000000,5,985,4042,751,256
30665500000000,6,41,196,37,14
30665500000000,7,1686,6629,1474,785
30665500000000,9,55,170,51,17
30665600000000,0,2,7,2,2
30665600000000,1,1,24,1,1
30665600000000,2,7,210,7,7
30665600000000,4,1,71,1,1
30665600000000,5,27,4753,24,24
30665600000000,6,6,98,6,6
30665600000000,7,201,2978,199,197
30665600000000,9,4,140,4,4
30666000000000,1,7,56,7,3
30666000000000,2,80,952,75,59
30666000000000,3,12,150,12,2
30666000000000,4,14,191,12,6
30666000000000,5,678,9573,607,198
30666000000000,6,33,281,31,13
30666000000000,7,936,10501,903,572
30666000000000,9,10,299,7,4
30666200000000,0,7,282,8,5
30666200000000,1,15,96,15,4
30666200000000,2,257,2889,241,175
30666200000000,3,16,124,14,4
30666200000000,4,48,538,48,21
30666200000000,5,1141,15457,986,219
30666200000000,6,33,429,26,8
30666200000000,7,978,9614,912,424
30666200000000,9,14,425,12,4
30666500000000,0,3,125,2,1
30666500000000,1,4,43,3,2
30666500000000,2,253,3108,243,199
30666500000000,3,8,59,7,2
30666500000000,4,29,459,27,20
30666500000000,5,691,10036,611,180
30666500000000,6,38,400,32,9
30666500000000,7,1090,10939,1019,536
30666500000000,9,10,453,9,6
30666700000000,1,5,56,4,1
30666700000000,2,156,1542,150,114
30666700000000,3,9,70,6,1
30666700000000,4,17,150,15,11
30666700000000,5,3683,53483,3284,1199
30666700000000,6,23,229,22,13
30666700000000,7,180,1566,178,138
30666700000000,9,26,311,25,18
30736400000000,0,13,292,8,4
30736400000000,1,19,138,16,7
30736400000000,2,454,6037,439,352
30736400000000,3,23,179,18,5
30736400000000,4,128,1405,120,65
30736400000000,5,1473,20312,1329,405
30736400000000,6,101,981,94,42
30736400000000,7,2176,22874,2043,1086
30736400000000,9,120,1908,115,60
30736500000000,0,8,77,6,4
30736500000000,1,9,100,7,3
30736500000000,2,964,12693,916,702
30736500000000,3,10,104,8,4
30736500000000,4,53,772,52,33
30736500000000,5,259,3044,236,89
30736500000000,6,58,670,46,17
30736500000000,7,846,9930,799,483
30736500000000,9,84,1682,79,56
30739200000000,1,5,32,4,1
30739200000000,2,93,1119,93,83
30739200000000,3,4,65,3,2
30739200000000,4,26,250,23,15
30739200000000,5,167,2244,159,75
30739200000000,6,25,299,23,13
30739200000000,7,531,5378,522,314
30739200000000,9,19,483,19,11
31103100000000,1,1,10,1,0
31103100000000,5,13,134,3,0
31103100000000,6,2,28,3,0
31103100000000,7,25,305,18,0
31103100000000,9,1,16,1,0
31668000000000,1,4,60,5,0
31668000000000,5,13,1271,10,0
31668000000000,6,3,292,1,0
31668000000000,7,36,4583,43,2
31668900000000,0,1,27,1,0
31668900000000,1,11,67,10,5
31668900000000,2,10,34,10,7
31668900000000,4,3,21,3,1
31668900000000,5,131,584,116,39
31668900000000,6,7,34,6,1
31668900000000,7,908,4128,849,368
31668900000000,9,58,282,53,24
31669300000000,0,6,49,5,3
31669300000000,1,28,79,25,15
31669300000000,2,174,700,165,136
31669300000000,3,16,55,14,10
31669300000000,4,49,301,43,35
31669300000000,5,469,1766,401,247
31669300000000,6,106,377,84,44
31669300000000,7,1621,6298,1497,1079
31669300000000,9,149,581,143,104
31669400000000,1,2,36,2,2
31669400000000,2,4,23,4,2
31669400000000,5,78,1415,69,14
31669400000000,7,172,2360,163,111
31669400000000,9,1,44,1,1
31669500000000,0,5,77,3,0
31669500000000,1,12,125,11,2
31669500000000,2,14,291,12,6
31669500000000,3,7,52,5,3
31669500000000,4,14,211,14,9
31669500000000,5,183,2379,138,35
31669500000000,6,15,208,12,1
31669500000000,7,488,5888,436,114
31669500000000,9,1,216,1,0
31750900000000,0,4,63,4,4
31750900000000,1,7,54,6,3
31750900000000,2,66,783,63,56
31750900000000,3,1,50,1,1
31750900000000,4,28,345,27,21
31750900000000,5,127,1643,125,70
31750900000000,6,11,182,8,7
31750900000000,7,682,8330,655,437
31750900000000,9,40,705,40,30
31765700000000,2,1,47,1,1
31765700000000,4,1,16,1,1
31765700000000,5,4,62,6,2
31765700000000,7,13,351,18,14
31765700000000,9,2,56,2,1
32103200000000,1,1,3,1,0
32103200000000,5,1,4,1,0
32103200000000,7,2,23,1,0
32669700000000,1,9,98,8,1
32669700000000,2,4,15,5,1
32669700000000,4,1,8,1,0
32669700000000,5,26,278,25,5
32669700000000,6,1,33,1,0
32669700000000,7,127,1631,120,32
32669700000000,9,3,61,2,0
33103300000000,0,1,4,2,0
33103300000000,1,5,57,3,0
33103300000000,2,5,97,3,0
33103300000000,3,2,18,2,0
33103300000000,4,0,69,1,0
33103300000000,5,552,3430,252,16
33103300000000,6,97,479,47,1
33103300000000,7,229,3315,174,20
33103300000000,9,20,395,16,4
33316300000000,2,6,11,3,0
33316300000000,3,1,3,1,0
33316300000000,5,55,226,30,0
33316300000000,6,14,41,5,0
33316300000000,7,14,88,9,0
33316300000000,9,1,13,1,0
33669800000000,0,1,14,2,0
33669800000000,1,4,55,3,0
33669800000000,2,66,669,61,28
33669800000000,3,8,76,7,2
33669800000000,4,28,290,28,15
33669800000000,5,1231,15333,995,234
33669800000000,6,70,783,49,11
33669800000000,7,188,2188,154,37
33669800000000,9,24,226,20,8
33669900000000,0,3,39,2,0
33669900000000,1,15,254,17,3
33669900000000,2,50,514,45,23
33669900000000,3,5,36,5,2
33669900000000,4,22,239,18,16
33669900000000,5,484,7216,413,111
33669900000000,6,70,899,58,17
33669900000000,7,272,3778,243,71
33669900000000,9,16,383,14,4
33670300000000,0,27,375,18,9
33670300000000,1,20,177,15,7
33670300000000,2,326,4162,314,236
33670300000000,3,15,194,12,9
33670300000000,4,111,1469,106,77
33670300000000,5,2221,27376,1881,743
33670300000000,6,405,3347,364,175
33670300000000,7,1392,15882,1272,664
33670300000000,9,9,455,10,5
33670600000000,0,7,185,6,1
33670600000000,1,13,100,10,5
33670600000000,2,50,516,47,27
33670600000000,3,5,27,6,1
33670600000000,4,20,257,19,9
33670600000000,5,1579,20559,1298,336
33670600000000,6,65,574,60,10
33670600000000,7,609,6607,549,253
33670600000000,9,10,334,9,4
33670800000000,1,15,244,13,3
33670800000000,2,23,254,22,13
33670800000000,3,15,113,12,7
33670800000000,4,20,226,18,7
33670800000000,5,905,11134,727,121
33670800000000,6,165,1666,104,19
33670800000000,7,692,7342,581,148
33670800000000,9,37,708,26,5
33670900000000,0,1,25,1,0
33670900000000,1,4,37,2,0
33670900000000,2,24,212,20,14
33670900000000,3,7,54,8,1
33670900000000,4,8,70,6,2
33670900000000,5,1224,16248,917,281
33670900000000,6,61,439,49,12
33670900000000,7,262,2355,214,63
33670900000000,9,10,137,9,3
33671200000000,0,0,53,2,0
33671200000000,1,8,137,6,1
33671200000000,2,56,940,46,24
33671200000000,3,21,330,21,7
33671200000000,4,65,920,59,23
33671200000000,5,1702,27464,1379,394
33671200000000,6,506,6537,369,87
33671200000000,7,300,7418,248,88
33671200000000,9,16,1080,12,3
33671600000000,2,1,28,1,1
33671600000000,4,1,10,1,1
33671600000000,5,57,1753,56,46
33671600000000,6,9,213,9,9
33671600000000,7,30,662,29,26
33671700000000,1,14,126,8,2
33671700000000,2,17,243,13,5
33671700000000,3,2,48,1,1
33671700000000,4,48,553,48,17
33671700000000,5,1260,17455,1034,261
33671700000000,6,109,1307,89,24
33671700000000,7,327,3559,272,105
33671700000000,9,7,280,5,0
33671800000000,1,2,19,2,0
33671800000000,2,1,24,1,1
33671800000000,3,1,6,1,0
33671800000000,4,1,17,1,1
33671800000000,5,146,2201,117,10
33671800000000,6,23,256,19,1
33671800000000,7,82,880,72,20
33672100000000,1,13,42,12,2
33672100000000,2,42,158,37,16
33672100000000,3,13,59,10,1
33672100000000,4,37,171,35,16
33672100000000,5,1425,7245,1197,236
33672100000000,6,200,812,166,34
33672100000000,7,483,1832,435,99
33672100000000,9,26,238,24,10
33672200000000,0,48,576,42,26
33672200000000,1,23,189,19,3
33672200000000,2,153,1374,139,99
33672200000000,3,20,207,18,9
33672200000000,4,54,515,53,31
33672200000000,5,2044,25038,1568,448
33672200000000,6,349,3195,275,92
33672200000000,7,1021,10821,874,396
33672200000000,9,27,645,23,12
33672500000000,1,16,220,10,1
33672500000000,2,13,128,11,4
33672500000000,3,8,45,3,2
33672500000000,4,8,82,7,3
33672500000000,5,523,6750,359,88
33672500000000,6,61,787,37,11
33672500000000,7,153,1821,96,16
33672500000000,9,15,206,11,3
33736800000000,0,17,194,12,0
33736800000000,1,3,63,3,0
33736800000000,2,4,19,3,2
33736800000000,4,3,22,2,0
33736800000000,5,1180,18109,871,241
33736800000000,6,3,40,2,0
33736800000000,7,31,244,23,4
33736800000000,9,2,29,1,0
33751800000000,0,3,42,4,1
33751800000000,1,13,123,10,4
33751800000000,2,42,462,37,21
33751800000000,3,9,116,8,3
33751800000000,4,4,135,3,0
33751800000000,5,906,11953,728,205
33751800000000,6,82,1001,66,20
33751800000000,7,676,7598,582,192
33751800000000,9,56,707,49,17
33751900000000,0,16,173,16,7
33751900000000,1,29,410,27,12
33751900000000,2,98,1148,91,70
33751900000000,3,12,109,11,5
33751900000000,4,156,1574,143,90
33751900000000,5,794,9292,712,345
33751900000000,6,131,1201,113,55
33751900000000,7,1254,14327,1192,689
33751900000000,9,129,2103,119,70
33752000000000,1,5,84,4,1
33752000000000,2,81,923,83,52
33752000000000,3,20,137,19,8
33752000000000,4,103,911,97,67
33752000000000,5,631,7688,595,255
33752000000000,6,152,1262,149,48
33752000000000,7,906,10720,861,412
33752000000000,9,64,1198,62,30
33752400000000,0,17,378,16,5
33752400000000,1,3,52,2,1
33752400000000,2,28,314,24,13
33752400000000,3,3,64,2,1
33752400000000,4,32,318,32,14
33752400000000,5,1061,14433,998,360
33752400000000,6,279,2883,255,90
33752400000000,7,101,1156,89,34
33752400000000,9,25,234,23,11
34103500000000,0,3,13,1,0
34103500000000,2,17,60,1,0
34103500000000,4,2,8,1,0
34103500000000,5,60,300,8,0
34103500000000,6,60,439,10,0
34103500000000,7,62,189,16,0
34103500000000,9,18,124,6,0
34322800000000,1,1,1,3,0
34322800000000,2,11,22,6,0
34322800000000,4,2,3,1,0
34322800000000,5,132,356,77,0
34322800000000,6,69,165,40,0
34322800000000,7,18,43,8,0
34673100000000,0,2,141,1,1
34673100000000,1,25,344,20,6
34673100000000,2,1168,13440,1097,697
34673100000000,3,128,1101,114,55
34673100000000,4,285,3203,274,171
34673100000000,5,1076,15972,909,329
34673100000000,6,881,9540,672,227
34673100000000,7,1215,14443,1144,649
34673100000000,9,214,3953,178,72
34673300000000,1,11,145,11,6
34673300000000,2,153,2203,144,102
34673300000000,3,9,150,8,2
34673300000000,4,37,408,36,23
34673300000000,5,194,3325,175,54
34673300000000,6,107,1366,85,27
34673300000000,7,868,10918,808,370
34673300000000,9,21,576,15,6
34673600000000,1,6,12,6,2
34673600000000,2,8,35,7,5
34673600000000,3,5,13,5,2
34673600000000,5,249,1143,232,48
34673600000000,7,259,936,239,87
34673600000000,9,31,109,28,15
34674100000000,1,2,13,2,1
34674100000000,2,4,15,4,3
34674100000000,4,2,20,2,1
34674100000000,5,69,1168,64,16
34674100000000,7,81,1003,70,23
34674100000000,9,5,66,4,2
34674400000000,1,16,360,13,5
34674400000000,2,721,8295,659,397
34674400000000,3,61,812,46,17
34674400000000,4,34,538,34,20
34674400000000,5,1180,17654,924,290
34674400000000,6,633,8433,465,176
34674400000000,7,594,8956,508,243
34674400000000,9,196,2510,165,87
34674500000000,0,14,67,8,0
34674500000000,1,76,590,61,21
34674500000000,2,226,2313,210,136
34674500000000,3,35,433,27,10
34674500000000,4,61,638,59,29
34674500000000,5,865,9623,633,154
34674500000000,6,389,3662,260,53
34674500000000,7,2955,29208,2592,931
34674500000000,9,59,1218,38,5
34739700000000,0,1,9,2,0
34739700000000,1,3,49,2,0
34739700000000,2,28,342,29,8
34739700000000,3,7,57,7,0
34739700000000,4,14,144,13,5
34739700000000,5,81,1066,78,6
34739700000000,6,58,555,53,9
34739700000000,7,209,2383,186,40
34739700000000,9,4,186,3,1
34752800000000,0,21,484,13,3
34752800000000,1,8,101,6,1
34752800000000,2,146,1744,135,70
34752800000000,3,19,208,17,8
34752800000000,4,61,736,59,36
34752800000000,5,312,3769,283,104
34752800000000,6,190,2237,165,52
34752800000000,7,164,2400,165,78
34752800000000,9,33,775,26,11
34765100000000,0,49,559,34,2
34765100000000,1,49,301,26,1
34765100000000,2,263,2569,213,83
34765100000000,3,48,482,32,5
34765100000000,4,32,323,22,8
34765100000000,5,964,11922,591,91
34765100000000,6,523,4705,322,31
34765100000000,7,748,9549,551,95
34765100000000,9,52,1010,38,4
35103600000000,0,1,1,1,0
35103600000000,5,17,89,10,0
35103600000000,7,6,21,4,0
35675400000000,1,5,17,4,1
35675400000000,2,13,40,11,9
35675400000000,3,1,8,1,0
35675400000000,4,9,42,7,4
35675400000000,5,488,2033,430,121
35675400000000,6,6,22,7,3
35675400000000,7,246,899,227,100
35752600000000,2,4,22,4,4
35752600000000,3,1,2,1,1
35752600000000,5,46,745,39,39
35752600000000,7,30,346,29,29
35752600000000,9,3,27,1,1
36675900000000,1,3,41,4,0
36675900000000,2,1,115,1,0
36675900000000,3,3,67,2,0
36675900000000,5,181,5360,54,0
36675900000000,6,72,2036,22,0
36675900000000,7,62,1017,23,0
36676100000000,1,9,87,11,3
36676100000000,2,4,47,4,3
36676100000000,3,7,71,7,3
36676100000000,4,8,54,7,5
36676100000000,5,240,3068,181,47
36676100000000,6,79,842,50,10
36676100000000,7,146,1544,121,27
36676100000000,9,10,210,6,1
36676400000000,0,10,108,8,0
36676400000000,1,2,21,2,0
36676400000000,2,5,34,5,2
36676400000000,5,57,844,58,11
36676400000000,6,5,28,4,0
36676400000000,7,118,1496,122,45
36676400000000,9,1,60,1,1
36676500000000,0,17,195,10,2
36676500000000,1,28,109,18,5
36676500000000,2,337,1416,310,231
36676500000000,3,40,156,36,13
36676500000000,4,142,642,135,96
36676500000000,5,3935,17998,3189,1088
36676500000000,6,601,2672,524,194
36676500000000,7,1302,6104,1178,559
36676500000000,9,76,420,71,31
36676800000000,1,3,37,3,1
36676800000000,2,266,3485,262,210
36676800000000,3,7,70,6,3
36676800000000,4,118,1349,107,75
36676800000000,5,1465,17427,1240,423
36676800000000,6,126,1057,105,42
36676800000000,7,715,6748,649,326
36676800000000,9,33,528,53,27
36676900000000,1,4,83,1,1
36676900000000,2,25,487,22,16
36676900000000,3,9,102,6,2
36676900000000,4,13,353,14,6
36676900000000,5,1327,20694,994,266
36676900000000,6,85,1672,71,18
36676900000000,7,128,2081,107,37
36676900000000,9,2,217,2,1
36677100000000,1,11,62,10,7
36677100000000,2,38,454,28,16
36677100000000,3,9,112,9,1
36677100000000,4,50,461,46,28
36677100000000,5,2890,34628,2454,580
36677100000000,6,273,2474,238,62
36677100000000,7,183,1955,151,50
36677100000000,9,7,224,7,0
36677400000000,2,1,11,2,2
36677400000000,5,12,222,12,4
36677400000000,6,3,50,3,0
36677400000000,7,16,385,15,8
36677400000000,9,1,46,1,0
36677800000000,1,5,54,5,1
36677800000000,2,6,98,6,2
36677800000000,3,3,74,3,0
36677800000000,4,15,107,14,8
36677800000000,5,175,2491,147,27
36677800000000,6,41,589,34,9
36677800000000,7,373,5023,302,73
36677800000000,9,25,460,23,6
36678000000000,1,6,139,6,0
36678000000000,3,1,6,1,0
36678000000000,5,25,215,21,8
36678000000000,7,37,460,30,4
36678000000000,9,5,16,4,2
36678300000000,1,2,35,1,1
36678300000000,2,5,35,1,0
36678300000000,4,2,14,2,0
36678300000000,5,440,1906,228,16
36678300000000,6,36,296,15,3
36678300000000,7,186,1135,124,25
36678300000000,9,22,152,16,2
36678400000000,0,0,74,1,0
36678400000000,1,9,99,8,4
36678400000000,2,149,1739,143,105
36678400000000,3,13,106,14,4
36678400000000,4,63,581,63,39
36678400000000,5,825,9618,713,224
36678400000000,6,138,1455,125,52
36678400000000,7,751,6936,700,374
36678400000000,9,37,771,36,15
36678500000000,0,2,31,2,0
36678500000000,1,10,76,7,0
36678500000000,2,18,252,17,0
36678500000000,3,17,122,12,0
36678500000000,4,15,134,14,0
36678500000000,5,1610,21378,1342,0
36678500000000,6,331,3279,265,0
36678500000000,7,135,1162,106,0
36678500000000,9,4,162,5,0
36678700000000,1,3,20,2,0
36678700000000,2,4,25,5,4
36678700000000,4,4,10,4,1
36678700000000,5,93,1212,61,12
36678700000000,6,7,52,5,1
36678700000000,7,285,2534,243,89
36678700000000,9,6,155,6,2
36678800000000,0,58,720,41,5
36678800000000,1,24,297,17,4
36678800000000,2,80,846,60,16
36678800000000,3,15,258,14,3
36678800000000,4,20,230,18,6
36678800000000,5,2932,39263,2119,370
36678800000000,6,606,7629,415,44
36678800000000,7,428,4285,340,84
36678800000000,9,15,574,12,2
36678900000000,4,1,1,1,0
36678900000000,5,4,87,4,0
36678900000000,7,11,164,11,0
36678900000000,9,1,8,1,0
36679300000000,0,15,130,19,0
36679300000000,1,11,85,10,2
36679300000000,2,61,267,41,22
36679300000000,3,25,105,17,8
36679300000000,4,25,118,21,13
36679300000000,5,1458,8243,1226,238
36679300000000,6,550,2915,365,69
36679300000000,7,527,2638,475,73
36679300000000,9,41,280,32,1
36679600000000,1,5,62,7,0
36679600000000,2,9,113,8,5
36679600000000,3,1,23,1,0
36679600000000,4,5,66,5,0
36679600000000,5,257,3563,234,41
36679600000000,6,17,139,17,4
36679600000000,7,458,5638,418,91
36679600000000,9,4,57,4,0
36738600000000,5,5,150,4,0
36738600000000,7,1,35,3,0
36738900000000,1,3,42,3,3
36738900000000,3,2,54,2,0
36738900000000,4,3,47,2,2
36738900000000,5,31,705,31,7
36738900000000,6,14,285,14,0
36738900000000,7,49,1068,45,7
36738900000000,9,1,160,3,0
36739600000000,0,2,156,4,1
36739600000000,1,3,55,3,0
36739600000000,2,23,176,21,12
36739600000000,3,2,26,2,0
36739600000000,4,4,40,3,1
36739600000000,5,262,3125,230,31
36739600000000,6,34,530,25,3
36739600000000,7,373,3928,332,82
36750400000000,0,6,332,8,0
36750400000000,1,11,112,9,1
36750400000000,2,32,294,16,5
36750400000000,3,11,99,9,3
36750400000000,4,11,104,11,5
36750400000000,5,1185,13954,1042,134
36750400000000,6,179,1838,161,18
36750400000000,7,633,6469,579,84
36750400000000,9,10,246,6,2
36750500000000,2,1,87,1,0
36750500000000,5,38,748,36,7
36750500000000,6,3,73,2,0
36750500000000,7,45,1573,42,12
36750700000000,1,4,51,4,0
36750700000000,2,62,603,57,38
36750700000000,3,6,45,6,3
36750700000000,4,21,204,19,9
36750700000000,5,435,6135,408,80
36750700000000,6,88,1023,77,13
36750700000000,7,337,3549,322,120
36750700000000,9,19,273,17,5
36750800000000,1,9,70,8,3
36750800000000,2,37,315,30,25
36750800000000,3,11,81,9,4
36750800000000,4,4,99,2,0
36750800000000,5,444,5960,355,75
36750800000000,6,132,1509,91,18
36750800000000,7,580,6400,493,170
36750800000000,9,10,244,8,1
37103700000000,1,8,26,3,0
37103700000000,2,27,358,21,0
37103700000000,4,6,39,1,0
37103700000000,5,764,2228,244,0
37103700000000,6,120,312,46,0
37103700000000,7,142,1008,65,0
37103700000000,9,30,159,14,0
37679800000000,5,38,1068,31,27
37679800000000,7,15,1135,13,9
37679800000000,9,1,101,1,1
37680300000000,1,1,10,1,1
37680300000000,2,4,81,4,2
37680300000000,3,1,12,1,0
37680300000000,4,4,55,4,2
37680300000000,5,42,561,40,22
37680300000000,6,5,46,5,3
37680300000000,7,217,2290,209,125
37680300000000,9,3,115,2,1
37680500000000,0,0,3,1,0
37680500000000,1,9,35,4,0
37680500000000,2,17,67,6,0
37680500000000,3,9,12,5,0
37680500000000,5,262,679,77,0
37680500000000,6,66,157,27,0
37680500000000,7,82,1039,64,5
37680500000000,9,5,115,7,1
37681100000000,1,10,55,8,0
37681100000000,2,95,308,90,44
37681100000000,3,11,69,10,6
37681100000000,4,59,261,57,31
37681100000000,5,1360,8582,1046,287
37681100000000,6,58,434,54,11
37681100000000,7,727,4814,715,316
37681100000000,9,11,201,9,1
37681200000000,1,7,29,7,1
37681200000000,2,7,31,7,3
37681200000000,3,1,10,1,0
37681200000000,4,5,35,4,2
37681200000000,5,401,1542,342,94
37681200000000,6,18,50,13,4
37681200000000,7,234,987,202,76
37681200000000,9,22,54,21,6
37681300000000,0,34,218,26,6
37681300000000,1,61,168,39,6
37681300000000,2,100,353,85,57
37681300000000,3,51,155,38,25
37681300000000,4,90,332,74,38
37681300000000,5,1990,7774,1399,571
37681300000000,6,427,1583,302,145
37681300000000,7,3156,10870,2459,1178
37681300000000,9,351,1512,276,139
37681600000000,1,11,89,5,0
37681600000000,2,7,93,6,1
37681600000000,3,2,11,2,0
37681600000000,4,1,38,1,0
37681600000000,5,165,1116,76,7
37681600000000,6,40,163,18,1
37681600000000,7,156,2550,144,11
37681700000000,1,5,23,4,0
37681700000000,3,1,1,1,0
37681700000000,4,1,1,1,0
37681700000000,5,7,42,7,0
37681700000000,7,25,104,26,0
37681900000000,1,2,128,1,1
37681900000000,2,3,79,2,2
37681900000000,4,1,39,1,0
37681900000000,5,83,1430,44,8
37681900000000,6,4,129,3,0
37681900000000,7,76,3428,54,22
37681900000000,9,8,211,3,0
37682100000000,0,11,35,2,0
37682100000000,1,12,124,4,0
37682100000000,2,5,164,3,0
37682100000000,4,3,107,1,0
37682100000000,5,145,3482,76,13
37682100000000,6,20,783,13,1
37682100000000,7,134,1809,101,18
37682100000000,9,2,300,1,0
37683000000000,0,10,38,9,4
37683000000000,1,19,161,17,8
37683000000000,2,446,6682,438,364
37683000000000,3,20,186,19,10
37683000000000,4,195,2305,180,127
37683000000000,5,490,6785,419,172
37683000000000,6,104,1021,86,40
37683000000000,7,1915,22028,1804,1133
37683000000000,9,80,1858,77,51
37683400000000,0,103,531,80,71
37683400000000,1,30,373,24,12
37683400000000,2,862,10965,817,490
37683400000000,3,65,822,56,22
37683400000000,4,666,7012,634,350
37683400000000,5,4096,60616,3371,1294
37683400000000,6,1042,13261,832,326
37683400000000,7,2381,30271,2131,1367
37683400000000,9,238,6419,227,134
37683500000000,1,4,45,3,2
37683500000000,2,296,1865,294,260
37683500000000,3,4,26,4,1
37683500000000,4,13,121,13,9
37683500000000,5,280,1730,241,101
37683500000000,6,25,141,24,9
37683500000000,7,1468,8878,1412,1064
37683500000000,9,21,115,21,17
37684000000000,1,2,83,1,0
37684000000000,2,3,213,3,0
37684000000000,3,2,71,2,0
37684000000000,4,6,410,4,0
37684000000000,5,36,6885,28,0
37684000000000,6,22,510,12,0
37684000000000,7,149,2544,116,0
37684100000000,0,1,10,1,0
37684100000000,1,29,176,16,6
37684100000000,2,148,696,122,91
37684100000000,3,54,214,36,17
37684100000000,4,626,3460,559,371
37684100000000,5,5953,30568,4607,1545
37684100000000,6,298,1323,222,85
37684100000000,7,669,3198,553,255
37684100000000,9,184,1271,172,89
37684400000000,5,7,251,4,0
37684400000000,7,8,95,5,0
37684500000000,0,8,13,1,0
37684500000000,1,20,114,6,0
37684500000000,2,111,625,64,30
37684500000000,3,48,272,28,8
37684500000000,4,43,327,31,18
37684500000000,5,1949,15473,1032,203
37684500000000,6,425,1032,157,21
37684500000000,7,814,6961,641,298
37684500000000,9,147,825,49,12
37735500000000,0,2,81,2,1
37735500000000,1,8,67,6,4
37735500000000,2,47,761,43,36
37735500000000,3,9,50,7,3
37735500000000,4,10,151,9,8
37735500000000,5,208,2844,174,74
37735500000000,6,22,213,20,11
37735500000000,7,446,6362,417,302
37735500000000,9,13,427,12,10
37735700000000,0,3,125,2,0
37735700000000,1,10,120,7,1
37735700000000,2,36,455,33,20
37735700000000,3,58,486,49,13
37735700000000,4,74,656,65,28
37735700000000,5,840,11461,700,149
37735700000000,6,117,1301,103,28
37735700000000,7,393,6132,355,137
37735700000000,9,7,479,6,2
37737900000000,1,9,80,8,3
37737900000000,2,58,950,58,43
37737900000000,3,5,118,4,3
37737900000000,4,50,524,48,34
37737900000000,5,653,8994,573,240
37737900000000,6,50,517,46,24
37737900000000,7,482,8075,447,285
37737900000000,9,19,330,16,4
37754200000000,1,18,132,7,7
37754200000000,5,4,73,3,3
37754200000000,7,4,59,5,5
37754200000000,9,0,12,1,1
37756100000000,1,28,427,23,1
37756100000000,2,4,38,4,4
37756100000000,3,1,12,1,0
37756100000000,4,3,39,3,0
37756100000000,5,148,1904,133,49
37756100000000,6,2,23,3,0
37756100000000,7,174,1624,174,94
37756100000000,9,1,87,1,0
37764700000000,2,8,104,8,7
37764700000000,3,2,16,2,2
37764700000000,4,25,163,23,23
37764700000000,5,129,1226,128,125
37764700000000,6,16,127,14,14
37764700000000,7,71,616,70,68
38103900000000,0,4,23,1,0
38103900000000,2,26,55,6,0
38103900000000,4,13,31,1,0
38103900000000,5,84,227,19,1
38103900000000,6,52,198,13,0
38103900000000,7,21,76,2,0
38684800000000,0,201,5654,192,132
38684800000000,1,22,255,18,8
38684800000000,2,2058,19739,1924,1310
38684800000000,3,43,908,44,8
38684800000000,4,270,2619,250,129
38684800000000,5,873,14752,779,283
38684800000000,6,404,5405,324,90
38684800000000,7,371,6166,352,219
38684800000000,9,42,1472,43,27
38767000000000,2,4,14,2,0
38767000000000,4,0,4,1,0
38767000000000,5,11,41,8,0
38767000000000,6,10,34,7,1
38767000000000,7,18,40,16,0
39104000000000,1,9,46,6,0
39104000000000,2,55,152,18,0
39104000000000,3,9,30,3,0
39104000000000,4,17,78,12,1
39104000000000,5,497,1792,187,13
39104000000000,6,136,482,51,3
39104000000000,7,149,761,76,5
39104000000000,9,30,100,4,0
39685000000000,2,4,49,4,1
39685000000000,4,1,14,1,1
39685000000000,5,104,1305,99,22
39685000000000,6,5,15,4,0
39685000000000,7,116,1350,115,35
39685000000000,9,2,50,2,1
39685700000000,1,4,69,2,2
39685700000000,2,70,911,58,33
39685700000000,3,4,114,4,0
39685700000000,4,44,414,39,15
39685700000000,5,257,3745,210,49
39685700000000,6,81,1086,56,11
39685700000000,7,223,2619,191,98
39685700000000,9,11,174,11,1
39685800000000,1,2,26,2,1
39685800000000,2,5,50,4,3
39685800000000,4,3,24,3,1
39685800000000,5,88,1225,83,21
39685800000000,6,4,19,1,0
39685800000000,7,103,945,90,31
39685800000000,9,1,27,1,1
39685900000000,0,25,422,21,4
39685900000000,1,35,318,29,5
39685900000000,2,558,6828,492,229
39685900000000,3,45,436,39,15
39685900000000,4,253,2755,224,103
39685900000000,5,1661,24437,1379,321
39685900000000,6,311,4086,249,56
39685900000000,7,1237,13290,1086,356
39685900000000,9,21,885,19,5
39686300000000,0,14,127,2,2
39686300000000,1,6,42,5,1
39686300000000,2,12,151,11,2
39686300000000,3,6,41,5,0
39686300000000,4,12,84,10,2
39686300000000,5,114,792,84,14
39686300000000,6,37,426,33,2
39686300000000,7,133,1437,98,10
39686500000000,1,4,19,4,0
39686500000000,2,7,84,6,4
39686500000000,3,4,19,4,1
39686500000000,4,2,38,1,1
39686500000000,5,62,1063,56,25
39686500000000,6,3,51,2,0
39686500000000,7,147,1890,142,53
39686500000000,9,2,74,3,0
39686800000000,1,103,1103,86,5
39686800000000,2,304,3858,277,49
39686800000000,3,8,223,8,1
39686800000000,4,160,1788,154,25
39686800000000,5,1419,23719,1199,85
39686800000000,6,294,4396,246,25
39686800000000,7,201,2877,155,10
39686800000000,9,8,451,5,1
39755000000000,0,6,9,2,0
39755000000000,1,8,79,6,1
39755000000000,2,186,1792,175,81
39755000000000,3,32,181,25,8
39755000000000,4,131,912,126,51
39755000000000,5,594,8178,490,122
39755000000000,6,135,1251,114,27
39755000000000,7,558,4378,499,206
39755000000000,9,11,625,11,7
40104100000000,1,4,14,3,0
40104100000000,3,2,3,1,0
40104100000000,4,1,2,1,0
40104100000000,5,133,325,105,0
40104100000000,6,6,19,3,0
40104100000000,7,98,267,81,0
40104100000000,9,8,27,9,0
40687000000000,1,10,62,10,7
40687000000000,2,7,54,7,6
40687000000000,4,6,47,6,4
40687000000000,5,98,1227,98,25
40687000000000,6,7,61,7,0
40687000000000,7,269,3191,271,111
40687000000000,9,5,131,5,0
40687600000000,1,5,48,3,1
40687600000000,2,12,174,11,5
40687600000000,3,2,19,2,0
40687600000000,4,11,116,10,6
40687600000000,5,312,4383,277,77
40687600000000,6,14,96,12,4
40687600000000,7,503,5482,470,196
40687600000000,9,13,248,13,9
40688100000000,1,4,34,2,1
40688100000000,2,23,276,21,9
40688100000000,4,11,154,11,7
40688100000000,5,105,1966,93,32
40688100000000,6,8,89,6,2
40688100000000,7,431,4639,409,214
40688100000000,9,24,304,23,15
40688300000000,5,15,534,15,4
40688300000000,7,7,453,7,0
40688400000000,0,1,27,2,1
40688400000000,1,2,17,2,2
40688400000000,2,3,28,1,1
40688400000000,5,25,482,23,6
40688400000000,6,1,14,1,0
40688400000000,7,170,1698,151,68
40688400000000,9,2,89,2,1
40754600000000,1,4,38,6,1
40754600000000,2,11,76,8,4
40754600000000,3,4,22,3,1
40754600000000,4,6,32,5,1
40754600000000,5,230,3168,197,38
40754600000000,6,12,114,10,2
40754600000000,7,291,2988,284,105
40754600000000,9,8,100,5,2
40754700000000,3,1,5,1,0
40754700000000,5,29,411,27,13
40754700000000,7,29,311,29,14
41104100000000,0,3,5,1,0
41104100000000,1,1,1,1,0
41104100000000,2,2,35,2,0
41104100000000,3,3,15,1,0
41104100000000,5,42,220,18,2
41104100000000,6,7,29,3,1
41104100000000,7,15,82,11,0
41104100000000,9,1,3,1,0
41688900000000,2,11,58,11,7
41688900000000,4,1,50,1,0
41688900000000,5,99,1657,78,24
41688900000000,7,118,1433,110,78
41688900000000,9,4,74,4,4
41689200000000,0,4,33,1,0
41689200000000,1,2,22,2,0
41689200000000,2,162,1705,160,84
41689200000000,3,20,192,13,3
41689200000000,4,377,3596,353,139
41689200000000,5,368,3604,303,67
41689200000000,6,44,360,37,2
41689200000000,7,234,1560,210,40
41689200000000,9,89,825,82,25
41689400000000,5,11,216,11,3
41689400000000,6,1,1,1,0
41689400000000,7,12,117,11,6
41689400000000,9,1,8,1,1
41690500000000,0,1,3,1,0
41690500000000,1,4,8,3,1
41690500000000,2,493,1837,468,390
41690500000000,3,59,212,53,22
41690500000000,4,117,435,103,71
41690500000000,5,630,2405,534,207
41690500000000,6,29,105,24,9
41690500000000,7,587,2455,539,389
41690500000000,9,190,784,173,120
41690600000000,1,7,44,6,4
41690600000000,2,161,561,155,122
41690600000000,3,92,287,74,28
41690600000000,4,42,131,41,27
41690600000000,5,1087,4311,811,287
41690600000000,6,107,316,80,21
41690600000000,7,882,3355,832,615
41690600000000,9,16,226,18,8
41690700000000,2,77,912,72,44
41690700000000,3,16,183,14,4
41690700000000,4,135,1336,124,57
41690700000000,5,281,4360,246,65
41690700000000,6,19,162,13,4
41690700000000,7,68,682,59,20
41690700000000,9,127,1613,119,63
41765900000000,2,5,18,5,5
41765900000000,3,2,9,2,2
41765900000000,4,1,3,1,1
41765900000000,5,29,193,25,25
41765900000000,6,3,14,2,2
41765900000000,7,30,132,27,27
42104200000000,5,129,427,69,0
42104200000000,6,5,12,4,0
42104200000000,7,21,112,7,0
42104200000000,9,3,8,2,0
42691100000000,5,16,204,10,0
42691100000000,6,3,21,2,0
42691100000000,7,28,523,24,0
42691500000000,1,1,12,1,0
42691500000000,2,5,43,4,3
42691500000000,3,1,3,1,1
42691500000000,4,1,13,1,0
42691500000000,5,148,1669,131,46
42691500000000,6,4,19,4,3
42691500000000,7,51,524,43,26
42691500000000,9,1,25,1,1
42692300000000,1,3,74,3,1
42692300000000,2,16,190,14,5
42692300000000,3,3,33,3,1
42692300000000,4,7,109,7,5
42692300000000,5,348,5897,319,72
42692300000000,6,15,356,17,3
42692300000000,7,207,2690,200,73
42692300000000,9,30,458,26,12
42692500000000,1,3,9,3,0
42692500000000,2,1,11,1,0
42692500000000,5,33,180,29,0
42692500000000,7,48,684,61,0
42692500000000,9,3,42,4,0
42692600000000,1,1,40,1,0
42692600000000,2,3,113,3,0
42692600000000,3,1,22,1,0
42692600000000,4,5,75,5,0
42692600000000,5,38,2151,38,6
42692600000000,6,1,72,1,1
42692600000000,7,65,2408,65,12
42692600000000,9,3,206,3,2
42693100000000,0,10,64,10,2
42693100000000,1,6,17,7,0
42693100000000,2,25,78,23,13
42693100000000,4,39,162,35,14
42693100000000,5,1473,6128,1228,276
42693100000000,6,20,68,18,1
42693100000000,7,300,997,263,88
42693100000000,9,40,119,35,19
42693300000000,1,1,14,1,0
42693300000000,2,2,7,2,1
42693300000000,5,93,404,81,18
42693300000000,7,127,548,124,75
42693300000000,9,8,42,7,4
42750100000000,1,1,3,1,0
42750100000000,5,5,180,5,1
42750100000000,7,5,56,3,0
42767900000000,0,2,51,3,2
42767900000000,1,18,85,13,8
42767900000000,2,63,422,62,47
42767900000000,4,8,69,8,4
42767900000000,5,824,9079,689,205
42767900000000,6,35,178,32,13
42767900000000,7,748,5207,702,496
42767900000000,9,24,382,23,16
43104400000000,1,3,29,2,0
43104400000000,2,61,1347,16,10
43104400000000,4,10,164,4,2
43104400000000,5,282,5267,108,46
43104400000000,6,23,289,13,1
43104400000000,7,76,1259,31,13
43104400000000,9,6,231,1,0
43694000000000,1,1,19,1,0
43694000000000,2,217,832,215,144
43694000000000,3,8,33,5,3
43694000000000,4,35,156,31,17
43694000000000,5,639,2600,486,120
43694000000000,6,53,233,49,13
43694000000000,7,782,3026,734,372
43694000000000,9,161,516,157,67
43694300000000,0,6,90,8,2
43694300000000,1,27,96,17,5
43694300000000,2,1986,7531,1838,1131
43694300000000,3,60,184,52,13
43694300000000,4,570,2085,516,226
43694300000000,5,3120,13245,2285,434
43694300000000,6,217,797,173,47
43694300000000,7,520,1915,458,173
43694300000000,9,26,354,23,6
43694700000000,1,9,22,8,3
43694700000000,2,1415,5753,1388,1225
43694700000000,3,10,38,9,2
43694700000000,4,94,339,83,56
43694700000000,5,372,1664,272,85
43694700000000,6,33,139,20,5
43694700000000,7,669,2384,645,449
43694700000000,9,32,324,34,18
43694800000000,0,2,98,1,0
43694800000000,1,5,55,4,0
43694800000000,2,32,395,31,15
43694800000000,4,18,194,19,4
43694800000000,5,596,8236,474,110
43694800000000,6,12,145,10,3
43694800000000,7,194,2229,190,90
43694800000000,9,11,203,10,2
43695300000000,0,6,171,6,6
43695300000000,1,1,30,1,0
43695300000000,2,223,1302,224,207
43695300000000,4,9,22,9,6
43695300000000,5,64,479,60,44
43695300000000,6,2,28,3,3
43695300000000,7,449,3952,438,320
43695300000000,9,46,421,46,34
43695800000000,1,3,80,2,0
43695800000000,2,59,1824,54,43
43695800000000,3,5,68,5,3
43695800000000,4,13,298,12,8
43695800000000,5,316,5996,237,84
43695800000000,6,21,335,14,4
43695800000000,7,316,4611,287,155
43696100000000,1,2,9,2,1
43696100000000,2,177,772,174,160
43696100000000,3,8,27,7,3
43696100000000,4,29,112,28,18
43696100000000,5,215,888,187,67
43696100000000,6,20,65,13,4
43696100000000,7,433,1801,427,344
43696100000000,9,16,63,16,8
43696400000000,2,288,4047,278,260
43696400000000,3,2,91,2,1
43696400000000,4,9,88,6,4
43696400000000,5,74,1330,67,37
43696400000000,6,23,304,19,7
43696400000000,7,451,5612,449,370
43696400000000,9,60,819,57,42
43696700000000,1,25,244,18,8
43696700000000,2,538,7797,490,357
43696700000000,3,26,301,21,3
43696700000000,4,151,1753,133,69
43696700000000,5,1771,22897,1268,351
43696700000000,6,137,1554,114,30
43696700000000,7,983,11953,868,464
43696700000000,9,100,1500,86,32
43733900000000,1,1,30,1,0
43733900000000,2,325,4340,309,218
43733900000000,3,13,92,12,2
43733900000000,4,181,2017,177,70
43733900000000,5,172,2171,145,27
43733900000000,6,33,280,31,10
43733900000000,7,82,736,76,32
43733900000000,9,23,320,21,11
44104500000000,0,5,36,4,0
44104500000000,1,2,8,2,0
44104500000000,2,10,46,9,8
44104500000000,4,2,8,3,0
44104500000000,5,225,545,166,9
44104500000000,6,6,20,5,1
44104500000000,7,168,644,169,62
44104500000000,9,17,86,19,1
44697700000000,0,2,161,2,2
44697700000000,1,1,14,1,1
44697700000000,2,1,39,1,1
44697700000000,5,5,1074,6,6
44697700000000,7,25,798,24,24
44697700000000,9,4,72,5,5
44698000000000,1,4,39,4,3
44698000000000,2,8,183,8,7
44698000000000,4,19,188,18,15
44698000000000,5,967,16093,798,408
44698000000000,6,4,99,4,2
44698000000000,7,235,3347,224,174
44698000000000,9,1,10,1,1
44698100000000,0,5,141,8,1
44698100000000,1,1,19,1,0
44698100000000,2,2,162,1,0
44698100000000,4,2,28,2,0
44698100000000,5,36,584,33,8
44698100000000,6,2,49,2,1
44698100000000,7,210,3197,205,107
44698100000000,9,6,255,3,1
44698200000000,0,0,7,2,0
44698200000000,1,7,48,6,1
44698200000000,2,22,203,22,12
44698200000000,3,4,21,2,0
44698200000000,4,6,50,5,2
44698200000000,5,292,2588,252,69
44698200000000,6,22,129,17,6
44698200000000,7,524,3770,512,273
44698200000000,9,28,260,26,11
44754300000000,2,3,47,3,3
44754300000000,3,0,1,1,0
44754300000000,5,29,346,25,13
44754300000000,6,2,6,2,0
44754300000000,7,144,1785,145,94
44754300000000,9,16,224,16,9
45104500000000,1,3,12,1,0
45104500000000,2,1,4,1,0
45104500000000,5,14,55,6,0
45104500000000,6,1,19,1,0
45104500000000,7,39,312,22,0
45104500000000,9,5,27,1,0
45698600000000,1,28,126,27,3
45698600000000,2,9,34,7,1
45698600000000,3,1,6,1,0
45698600000000,5,66,285,57,1
45698600000000,6,3,18,1,0
45698600000000,7,367,1492,330,11
45698600000000,9,17,68,14,0
45699900000000,0,1,9,1,1
45699900000000,1,3,124,5,0
45699900000000,3,1,5,1,0
45699900000000,5,16,263,16,5
45699900000000,6,1,5,1,1
45699900000000,7,48,724,46,18
45699900000000,9,1,26,1,1
45701100000000,5,1,410,1,0
45701100000000,7,13,2489,16,7
45701400000000,0,5,16,2,0
45701400000000,1,60,222,53,8
45701400000000,2,51,199,44,17
45701400000000,3,6,22,5,1
45701400000000,4,10,40,10,6
45701400000000,5,136,682,116,28
45701400000000,6,20,121,15,1
45701400000000,7,949,4147,841,339
45701400000000,9,49,279,43,14
45752700000000,1,28,263,23,2
45752700000000,2,9,114,7,2
45752700000000,3,3,17,2,0
45752700000000,5,27,496,29,5
45752700000000,6,4,74,2,1
45752700000000,7,238,2904,212,25
45752700000000,9,7,139,6,2
46701800000000,1,1,3,1,0
46701800000000,5,4,52,4,3
46701800000000,7,32,305,31,15
47104700000000,1,4,18,2,0
47104700000000,2,1,5,1,0
47104700000000,5,7,59,5,0
47104700000000,7,32,305,24,0
47104700000000,9,0,40,1,0
47702500000000,3,1,1,1,1
47702500000000,5,2,13,2,2
47702500000000,7,16,67,15,15
47702500000000,9,3,5,3,3
47704700000000,1,18,55,8,3
47704700000000,2,5,18,3,1
47704700000000,4,2,7,2,1
47704700000000,5,23,82,25,4
47704700000000,6,5,28,6,1
47704700000000,7,101,397,92,34
47704700000000,9,1,6,1,0
47705200000000,1,12,52,9,4
47705200000000,2,5,8,5,3
47705200000000,4,1,2,1,0
47705200000000,5,14,80,11,5
47705200000000,7,110,531,93,32
47705200000000,9,4,47,3,0
47736800000000,1,1,13,1,0
47736800000000,5,4,120,5,2
47736800000000,7,13,165,13,2
47764600000000,1,1,65,1,0
47764600000000,5,9,88,8,1
47764600000000,7,33,456,31,2
47764600000000,9,6,47,6,0
48104900000000,7,18,149,2,0
48705200000000,1,4,21,3,0
48705200000000,2,23,235,22,14
48705200000000,3,3,23,3,1
48705200000000,4,40,359,38,17
48705200000000,5,53,856,47,10
48705200000000,6,45,423,45,7
48705200000000,7,249,2428,242,98
48705200000000,9,15,522,14,2
48705300000000,1,1,14,1,1
48705300000000,2,7,37,6,2
48705300000000,3,1,10,1,0
48705300000000,4,6,37,5,4
48705300000000,5,161,1995,122,38
48705300000000,6,10,72,7,3
48705300000000,7,152,1280,135,65
48705300000000,9,3,71,1,1
48705400000000,1,20,215,15,4
48705400000000,2,85,1067,76,49
48705400000000,3,19,262,14,3
48705400000000,4,129,1830,117,65
48705400000000,5,505,7969,410,94
48705400000000,6,299,3823,223,52
48705400000000,7,287,4255,250,106
48705400000000,9,298,1979,268,110
48705700000000,0,5,101,5,3
48705700000000,1,14,125,14,4
48705700000000,2,62,587,62,37
48705700000000,3,13,182,16,2
48705700000000,4,89,868,86,49
48705700000000,5,329,5287,345,99
48705700000000,6,152,1675,166,49
48705700000000,7,699,8290,718,319
48705700000000,9,45,1008,52,18
48705800000000,0,4,64,3,2
48705800000000,1,7,67,5,1
48705800000000,2,34,412,29,18
48705800000000,3,22,286,18,5
48705800000000,4,249,2599,214,111
48705800000000,5,279,5294,203,37
48705800000000,6,337,4620,215,26
48705800000000,7,122,1483,96,23
48705800000000,9,20,332,15,2
49105000000000,1,9,39,3,0
49105000000000,5,81,387,29,1
49105000000000,6,8,40,3,0
49105000000000,7,65,444,13,0
49706100000000,1,3,21,3,0
49706100000000,2,9,35,9,7
49706100000000,3,2,8,2,1
49706100000000,4,2,10,2,1
49706100000000,5,92,371,74,19
49706100000000,6,2,34,3,1
49706100000000,7,424,1578,390,165
49706100000000,9,31,93,32,11
49706600000000,1,2,36,2,0
49706600000000,2,1,4,1,1
49706600000000,5,70,759,54,13
49706600000000,7,52,612,46,14
49706600000000,9,0,22,1,0
49707100000000,5,18,252,18,0
49707100000000,7,4,643,4,0
49707300000000,1,2,10,2,0
49707300000000,2,3,19,4,0
49707300000000,3,0,4,1,0
49707300000000,5,19,139,20,0
49707300000000,6,1,16,3,0
49707300000000,7,35,493,38,0
49708000000000,0,1,23,1,0
49708000000000,1,3,25,1,0
49708000000000,2,1,25,1,0
49708000000000,3,3,13,3,0
49708000000000,4,3,34,1,0
49708000000000,5,5,109,2,0
49708000000000,6,7,85,4,0
49708000000000,7,26,745,22,0
49708400000000,1,1,12,1,0
49708400000000,2,0,29,1,0
49708400000000,5,3,232,3,0
49708400000000,7,10,574,7,0
49708600000000,1,3,36,2,0
49708600000000,2,25,176,26,12
49708600000000,3,2,13,3,0
49708600000000,4,6,53,6,2
49708600000000,5,175,1518,188,30
49708600000000,6,10,79,8,1
49708600000000,7,500,3343,496,194
49708600000000,9,28,160,27,10
49708700000000,2,1,127,1,0
49708700000000,5,13,634,12,0
49708700000000,7,1,566,2,0
49709000000000,2,2,204,2,2
49709000000000,5,93,3133,90,58
49709000000000,6,1,117,1,1
49709000000000,7,1,2053,1,0
49709200000000,0,6,65,7,0
49709200000000,1,19,140,17,1
49709200000000,2,96,581,94,46
49709200000000,3,11,72,12,1
49709200000000,4,21,100,20,9
49709200000000,5,618,4677,582,99
49709200000000,6,64,313,57,11
49709200000000,7,864,4765,808,296
49709200000000,9,72,520,66,21
49709500000000,0,1,64,1,0
49709500000000,1,1,23,1,1
49709500000000,2,8,82,7,5
49709500000000,3,1,5,1,0
49709500000000,4,1,32,2,1
49709500000000,5,108,2480,101,29
49709500000000,6,6,37,4,2
49709500000000,7,181,1911,176,89
49709500000000,9,2,36,2,0
49709600000000,5,3,195,8,1
49709600000000,7,16,882,20,7
49709600000000,9,1,78,1,0
49738800000000,1,4,61,3,0
49738800000000,2,28,226,24,6
49738800000000,3,7,35,5,2
49738800000000,4,11,77,10,3
49738800000000,5,156,2301,123,24
49738800000000,6,7,121,7,1
49738800000000,7,248,2785,217,61
49738800000000,9,12,243,11,3
49753600000000,0,9,92,7,2
49753600000000,1,20,89,14,5
49753600000000,2,7,106,7,4
49753600000000,4,8,32,7,3
49753600000000,5,171,2468,149,27
49753600000000,6,8,75,8,1
49753600000000,7,300,2670,275,72
49753600000000,9,1,65,1,0
49753900000000,1,2,11,2,0
49753900000000,3,1,5,1,0
49753900000000,5,94,1149,84,18
49753900000000,7,86,610,81,34
49753900000000,9,2,8,2,0
50105000000000,0,10,40,9,0
50105000000000,1,5,21,2,0
50105000000000,2,18,52,6,1
50105000000000,3,6,16,5,0
50105000000000,4,1,10,2,0
50105000000000,5,233,992,124,2
50105000000000,6,29,98,14,0
50105000000000,7,125,932,87,4
50105000000000,9,4,32,5,0
50710400000000,1,8,71,8,3
50710400000000,2,48,639,47,28
50710400000000,3,6,119,5,1
50710400000000,4,3,60,3,2
50710400000000,5,578,9157,505,165
50710400000000,6,27,258,25,8
50710400000000,7,181,2366,166,47
50710400000000,9,6,146,5,2
50710700000000,1,2,10,2,0
50710700000000,4,1,6,1,0
50710700000000,5,92,611,72,4
50710700000000,7,97,824,89,15
50710700000000,9,8,52,9,0
50711300000000,3,1,7,1,1
50711300000000,5,2,640,2,1
50711300000000,7,20,410,19,9
50711800000000,0,66,416,54,10
50711800000000,1,26,76,18,6
50711800000000,2,201,796,184,91
50711800000000,3,46,154,45,17
50711800000000,4,46,177,42,24
50711800000000,5,1826,7366,1453,403
50711800000000,6,160,588,133,34
50711800000000,7,1220,4443,1057,436
50711800000000,9,138,725,104,43
50712200000000,1,3,24,2,1
50712200000000,2,12,139,12,10
50712200000000,3,6,96,7,2
50712200000000,4,6,86,6,4
50712200000000,5,304,4133,252,67
50712200000000,6,40,406,31,10
50712200000000,7,77,887,73,26
50712200000000,9,5,85,5,2
50712300000000,5,0,50,1,1
50712300000000,7,3,101,1,1
50736000000000,2,3,21,3,3
50736000000000,5,130,2085,122,33
50736000000000,6,3,36,5,0
50736000000000,7,53,646,46,10
50755500000000,1,1,14,1,0
50755500000000,2,3,12,3,2
50755500000000,4,2,6,2,0
50755500000000,5,84,1132,78,26
50755500000000,7,108,986,105,44
50755500000000,9,1,32,1,0
50755600000000,1,11,69,8,3
50755600000000,2,13,86,11,6
50755600000000,4,6,59,6,4
50755600000000,5,280,3967,238,52
50755600000000,6,15,77,14,2
50755600000000,7,313,3760,282,94
50755600000000,9,3,58,3,0
50755700000000,0,10,108,9,0
50755700000000,2,16,165,14,3
50755700000000,5,124,1504,118,23
50755700000000,6,6,95,6,1
50755700000000,7,141,1742,145,35
50755700000000,9,3,159,7,1
50757400000000,0,3,123,3,0
50757400000000,1,10,104,10,2
50757400000000,2,54,645,51,24
50757400000000,3,6,78,6,1
50757400000000,4,8,65,7,3
50757400000000,5,603,7621,538,126
50757400000000,6,29,296,21,7
50757400000000,7,486,4836,435,183
50757400000000,9,8,188,8,4
50766400000000,5,5,126,5,5
50766400000000,7,1,130,1,1
51105100000000,1,1,6,2,0
51105100000000,2,13,31,3,0
51105100000000,5,39,164,9,0
51105100000000,6,5,16,1,0
51105100000000,7,47,171,11,0
51105100000000,9,0,7,1,0
51713700000000,1,1,10,1,0
51713700000000,2,3,16,3,2
51713700000000,4,1,4,1,1
51713700000000,5,19,137,17,5
51713700000000,6,0,13,1,0
51713700000000,7,50,298,47,11
51713700000000,9,5,17,6,1
51714000000000,2,25,202,24,15
51714000000000,3,1,5,1,0
51714000000000,5,91,1072,77,36
51714000000000,6,1,3,1,0
51714000000000,7,27,428,23,6
51714100000000,0,2,54,3,0
51714100000000,1,1,23,1,0
51714100000000,2,7,53,8,1
51714100000000,4,1,14,1,0
51714100000000,5,34,320,25,0
51714100000000,6,5,88,5,1
51714100000000,7,98,1594,104,4
51714100000000,9,7,145,7,0
51714200000000,2,1,43,1,0
51714200000000,3,1,9,1,0
51714200000000,5,6,130,5,0
51714200000000,6,13,109,10,0
51714200000000,7,36,613,17,0
51714500000000,1,8,12,7,2
51714500000000,2,7,18,7,5
51714500000000,5,28,119,26,7
51714500000000,7,124,519,125,60
51714500000000,9,0,9,1,0
51714600000000,0,9,240,10,4
51714600000000,1,9,89,6,1
51714600000000,2,192,2297,172,98
51714600000000,3,1,40,1,1
51714600000000,4,7,76,6,4
51714600000000,5,329,5462,276,60
51714600000000,6,18,229,16,4
51714600000000,7,341,4366,294,76
51714600000000,9,37,669,32,7
52105200000000,7,4,125,3,0
52715100000000,0,1,2,1,0
52715100000000,1,7,17,5,0
52715100000000,2,3,9,2,0
52715100000000,5,133,499,110,29
52715100000000,6,1,5,1,1
52715100000000,7,87,452,75,23
52715100000000,9,2,6,2,0
52715700000000,5,17,238,14,4
52715700000000,7,16,310,10,0
52716100000000,5,5,21,3,0
52716100000000,7,22,119,16,0
52716100000000,9,1,4,1,0
52716400000000,1,13,46,10,0
52716400000000,2,4,10,4,2
52716400000000,3,2,4,3,0
52716400000000,4,4,9,4,3
52716400000000,5,108,413,96,11
52716400000000,6,2,16,2,0
52716400000000,7,314,1111,293,62
52716400000000,9,9,55,11,0
53105400000000,5,1,3,3,1
53105400000000,7,0,18,1,0
53738300000000,2,1,1,1,0
53738300000000,7,6,81,4,0
53750300000000,1,4,42,3,0
53750300000000,5,1,38,1,0
53750300000000,7,20,226,19,3
53750300000000,9,2,19,2,0
53765100000000,1,4,38,2,1
53765100000000,2,3,6,2,1
53765100000000,5,11,66,12,4
53765100000000,6,1,5,1,0
53765100000000,7,81,563,68,29
53765100000000,9,5,50,5,3
54105500000000,2,8,38,4,2
54105500000000,3,0,9,3,3
54105500000000,4,1,13,1,0
54105500000000,5,173,1278,44,22
54105500000000,7,41,720,21,7
54105500000000,9,1,12,1,0
54718000000000,5,20,439,18,5
54718000000000,7,13,172,9,2
54718000000000,9,1,22,2,2
54718400000000,1,2,55,2,0
54718400000000,5,54,2683,39,1
54718400000000,6,2,35,1,0
54718400000000,7,14,1182,10,1
54718600000000,2,3,32,1,0
54718600000000,4,10,134,9,5
54718600000000,5,284,3891,216,84
54718600000000,7,3,62,2,0
54719300000000,0,0,6,1,0
54719300000000,3,1,3,1,0
54719300000000,4,1,6,1,1
54719300000000,5,116,548,112,33
54719300000000,6,5,12,3,1
54719300000000,7,125,500,116,41
54719900000000,2,11,108,11,4
54719900000000,5,239,3929,225,66
54719900000000,7,20,386,18,6
54721400000000,5,103,344,10,0
54721400000000,7,35,111,6,0
54722500000000,1,10,40,9,5
54722500000000,2,23,91,19,11
54722500000000,3,1,11,1,1
54722500000000,4,2,17,2,0
54722500000000,5,855,3710,703,212
54722500000000,6,55,200,49,16
54722500000000,7,310,1213,285,117
54722500000000,9,3,8,3,1
54722600000000,0,1,148,1,0
54722600000000,1,25,372,23,9
54722600000000,2,116,1315,111,57
54722600000000,3,3,42,3,1
54722600000000,5,1111,17789,984,319
54722600000000,6,51,595,45,13
54722600000000,7,649,7056,610,260
54722600000000,9,24,473,17,7
54753300000000,2,1,11,1,0
54753300000000,5,172,2459,154,52
54753300000000,6,3,9,2,1
54753300000000,7,15,154,14,2
54755200000000,0,31,97,28,8
54755200000000,1,27,298,22,4
54755200000000,2,32,243,29,18
54755200000000,4,25,128,24,15
54755200000000,5,984,10783,839,227
54755200000000,6,15,65,12,4
54755200000000,7,315,2063,269,93
54755200000000,9,16,121,16,10
54755300000000,2,5,60,6,4
54755300000000,4,5,41,5,3
54755300000000,5,409,4496,399,155
54755300000000,6,1,26,2,0
54755300000000,7,38,881,28,15
54767900000000,0,46,135,1,0
54767900000000,2,1,10,1,0
54767900000000,5,119,1886,115,34
54767900000000,7,20,228,31,12
55105500000000,7,15,93,2,0
55723600000000,5,6,200,5,0
55723600000000,7,17,710,9,0
55723900000000,1,6,27,4,0
55723900000000,2,5,10,5,3
55723900000000,3,2,5,2,0
55723900000000,5,43,167,36,6
55723900000000,7,252,950,245,66
55724100000000,0,1,5,2,0
55724100000000,1,12,84,12,1
55724100000000,4,1,2,1,0
55724100000000,5,16,177,15,1
55724100000000,6,3,19,2,0
55724100000000,7,173,1100,151,8
55724100000000,9,3,39,2,0
55751800000000,1,2,8,2,2
55751800000000,3,1,2,1,1
55751800000000,5,5,64,5,5
55751800000000,6,1,5,1,1
55751800000000,7,19,257,16,14
55751800000000,9,1,2,1,0
56105600000000,1,8,22,4,0
56105600000000,2,11,70,3,0
56105600000000,4,1,25,1,0
56105600000000,5,292,1069,107,0
56105600000000,6,14,50,5,0
56105600000000,7,111,1257,49,0
56105600000000,9,3,89,1,0
56724500000000,1,1,11,1,0
56724500000000,2,0,20,1,0
56724500000000,5,273,3915,245,59
56724500000000,6,3,10,2,0
56724500000000,7,35,402,33,11
56724500000000,9,1,16,1,0
56724700000000,4,1,24,1,0
56724700000000,5,16,550,16,0
56724700000000,6,4,54,4,0
56724700000000,7,15,662,15,0
56725200000000,1,4,24,3,0
56725200000000,2,4,60,4,4
56725200000000,4,3,17,3,1
56725200000000,5,73,964,56,7
56725200000000,6,2,28,1,0
56725200000000,7,155,1736,142,55
56725200000000,9,1,43,1,0
56725500000000,1,16,82,17,4
56725500000000,2,114,885,102,65
56725500000000,3,19,78,15,4
56725500000000,4,180,1022,169,93
56725500000000,5,3147,14861,2281,445
56725500000000,6,112,570,91,19
56725500000000,7,577,6068,505,182
56725500000000,9,24,482,19,3
56726000000000,1,20,88,14,3
56726000000000,2,107,1376,102,62
56726000000000,3,7,31,7,2
56726000000000,4,42,333,38,13
56726000000000,5,773,7346,614,173
56726000000000,6,24,219,24,5
56726000000000,7,1088,10631,928,333
56726000000000,9,15,499,14,6
56726500000000,1,7,95,5,2
56726500000000,2,42,468,39,28
56726500000000,3,3,42,2,1
56726500000000,4,9,106,8,6
56726500000000,5,599,8371,497,125
56726500000000,6,26,247,21,8
56726500000000,7,714,7501,669,303
56726500000000,9,28,572,23,8
56737600000000,1,17,100,16,8
56737600000000,2,159,1886,159,134
56737600000000,3,5,53,4,1
56737600000000,4,25,241,24,15
56737600000000,5,384,4688,363,105
56737600000000,6,37,303,33,14
56737600000000,7,1373,12697,1332,733
56737600000000,9,30,627,28,13
56738700000000,2,52,698,52,38
56738700000000,5,20,298,18,5
56738700000000,6,6,79,6,3
56738700000000,7,303,3293,292,170
56738700000000,9,3,82,1,0
56739400000000,1,9,24,7,3
56739400000000,2,40,402,40,28
56739400000000,4,10,98,9,5
56739400000000,5,236,2908,173,53
56739400000000,6,14,92,13,6
56739400000000,7,349,3241,322,179
56739400000000,9,10,201,10,4
57105800000000,5,40,173,12,1
57105800000000,7,29,124,12,1
57726800000000,1,3,50,3,1
57726800000000,2,108,1336,106,88
57726800000000,3,2,29,2,1
57726800000000,4,7,105,6,3
57726800000000,5,122,1542,114,59
57726800000000,6,23,246,20,10
57726800000000,7,454,4875,444,365
57726800000000,9,28,415,27,20
57726900000000,1,7,104,10,2
57726900000000,2,74,941,70,32
57726900000000,3,6,96,5,1
57726900000000,4,11,197,11,5
57726900000000,5,281,4019,254,52
57726900000000,6,54,444,49,14
57726900000000,7,195,2720,193,64
57726900000000,9,9,161,8,1
57727000000000,4,1,4,1,1
57727000000000,5,75,973,73,20
57727000000000,7,53,508,50,17
57727000000000,9,1,14,1,0
57727100000000,0,0,31,1,0
57727100000000,1,6,71,4,2
57727100000000,2,37,460,36,23
57727100000000,3,5,36,4,2
57727100000000,4,4,43,4,1
57727100000000,5,460,6644,378,128
57727100000000,6,12,124,9,3
57727100000000,7,251,2582,221,115
57727100000000,9,4,135,4,1
58105900000000,1,5,22,2,0
58105900000000,5,57,174,15,0
58105900000000,6,10,25,2,0
58105900000000,7,95,278,25,0
58105900000000,9,10,17,2,0
58727300000000,2,1,3,1,0
58727300000000,5,5,76,5,0
58727300000000,7,21,334,21,0
58727400000000,0,4,126,2,0
58727400000000,1,32,360,33,3
58727400000000,2,79,938,76,44
58727400000000,3,4,70,3,1
58727400000000,4,4,55,4,0
58727400000000,5,243,4050,213,47
58727400000000,6,33,374,31,7
58727400000000,7,289,4510,252,45
58727400000000,9,13,409,11,1
58727700000000,2,4,19,4,4
58727700000000,3,3,4,3,0
58727700000000,4,3,13,3,3
58727700000000,5,48,207,43,16
58727700000000,6,2,16,2,1
58727700000000,7,86,382,80,35
58727700000000,9,11,64,11,3
