CDS_CODE,ETHNIC,GRADS,UC_GRADS
1100170000000,1,5,3
1100170000000,2,32,4
1100170000000,3,4,2
1100170000000,4,5,3
1100170000000,5,148,68
1100170000000,6,85,42
1100170000000,7,45,4
1100170000000,9,9,3
1316170000000,2,1,0
1316170000000,3,1,0
1316170000000,4,4,0
1316170000000,5,14,0
1316170000000,6,5,0
1316170000000,7,12,0
1611190000000,0,1,1
1611190000000,1,1,0
1611190000000,2,284,203
1611190000000,3,8,2
1611190000000,4,63,31
1611190000000,5,173,46
1611190000000,6,75,23
1611190000000,7,191,106
1611190000000,9,38,15
1611270000000,2,88,69
1611270000000,3,1,0
1611270000000,4,6,3
1611270000000,5,48,20
1611270000000,6,12,4
1611270000000,7,86,51
1611270000000,9,28,11
1611430000000,1,2,2
1611430000000,2,58,37
1611430000000,3,2,0
1611430000000,4,9,6
1611430000000,5,177,97
1611430000000,6,194,69
1611430000000,7,313,262
1611430000000,9,66,42
1611500000000,0,4,2
1611500000000,1,2,1
1611500000000,2,186,142
1611500000000,3,5,1
1611500000000,4,22,13
1611500000000,5,152,57
1611500000000,6,55,16
1611500000000,7,220,123
1611500000000,9,68,42
1611680000000,2,5,3
1611680000000,5,7,4
1611680000000,6,21,3
1611680000000,7,3,0
1611760000000,1,9,2
1611760000000,2,1274,1061
1611760000000,3,17,9
1611760000000,4,162,99
1611760000000,5,343,120
1611760000000,6,79,28
1611760000000,7,439,226
1611760000000,9,32,21
1611920000000,0,1,1
1611920000000,1,6,2
1611920000000,2,125,93
1611920000000,3,49,22
1611920000000,4,128,80
1611920000000,5,717,328
1611920000000,6,190,67
1611920000000,7,68,33
1611920000000,9,15,7
1612000000000,0,3,1
1612000000000,1,3,3
1612000000000,2,52,34
1612000000000,3,1,0
1612000000000,4,34,14
1612000000000,5,257,84
1612000000000,6,12,5
1612000000000,7,504,267
1612000000000,9,57,33
1612340000000,1,1,1
1612340000000,2,67,16
1612340000000,3,13,2
1612340000000,4,50,9
1612340000000,5,208,28
1612340000000,6,37,2
1612340000000,7,82,11
1612340000000,9,5,1
1612420000000,1,2,2
1612420000000,2,212,143
1612420000000,3,39,20
1612420000000,4,219,142
1612420000000,5,293,115
1612420000000,6,65,35
1612420000000,7,67,35
1612420000000,9,29,16
1612590000000,0,21,14
1612590000000,1,7,2
1612590000000,2,382,254
1612590000000,3,28,12
1612590000000,4,21,10
1612590000000,5,913,565
1612590000000,6,625,231
1612590000000,7,182,143
1612590000000,9,40,32
1612600000000,2,1,0
1612600000000,4,1,0
1612600000000,5,6,0
1612600000000,6,10,2
1612750000000,1,1,1
1612750000000,2,40,39
1612750000000,4,2,2
1612750000000,5,9,8
1612750000000,6,7,5
1612750000000,7,164,150
1612750000000,9,4,2
1612910000000,2,110,75
1612910000000,3,7,2
1612910000000,4,55,32
1612910000000,5,291,74
1612910000000,6,102,23
1612910000000,7,55,20
1612910000000,9,12,2
1613090000000,0,2,1
1613090000000,1,2,1
1613090000000,2,145,94
1613090000000,3,20,5
1613090000000,4,84,40
1613090000000,5,517,182
1613090000000,6,150,56
1613090000000,7,107,37
1613090000000,9,14,7
1750930000000,0,1,1
1750930000000,1,4,4
1750930000000,2,116,89
1750930000000,3,3,1
1750930000000,4,36,24
1750930000000,5,91,44
1750930000000,6,45,22
1750930000000,7,182,113
1750930000000,9,10,6
1751010000000,0,1,0
1751010000000,1,11,4
1751010000000,2,374,303
1751010000000,3,6,3
1751010000000,4,31,20
1751010000000,5,117,51
1751010000000,6,29,15
1751010000000,7,617,355
1751010000000,9,24,12
1766530000000,0,1,1
1766530000000,2,12,12
1766530000000,4,3,3
1766530000000,5,22,22
1766530000000,6,2,2
1766530000000,7,63,62
1766530000000,9,4,4
2100250000000,1,2,0
3100330000000,7,2,0
3739810000000,0,4,0
3739810000000,1,10,1
3739810000000,2,3,1
3739810000000,3,1,0
3739810000000,4,2,1
3739810000000,5,39,12
3739810000000,6,1,0
3739810000000,7,218,52
3739810000000,9,10,0
4100410000000,1,1,0
4100410000000,2,1,0
4100410000000,5,27,2
4100410000000,6,3,0
4100410000000,7,114,21
4100410000000,9,4,0
4100420000000,1,1,0
4100420000000,9,1,0
4614080000000,2,1,0
4614080000000,5,12,2
4614080000000,6,1,0
4614080000000,7,16,5
4614240000000,0,9,0
4614240000000,1,16,2
4614240000000,2,84,37
4614240000000,3,3,1
4614240000000,4,10,5
4614240000000,5,214,45
4614240000000,6,36,5
4614240000000,7,639,302
4614240000000,9,19,2
4614320000000,1,1,0
4614320000000,5,20,3
4614320000000,7,50,25
4614320000000,9,1,1
4614400000000,1,3,0
4614400000000,5,2,0
4614400000000,7,3,0
4614400000000,9,1,0
4614570000000,0,1,0
4614570000000,5,3,0
4614570000000,7,6,0
4615150000000,1,12,1
4615150000000,2,88,42
4615150000000,3,2,0
4615150000000,4,1,0
4615150000000,5,102,12
4615150000000,6,8,0
4615150000000,7,212,30
4615150000000,9,31,3
4615310000000,1,2,0
4615310000000,2,2,0
4615310000000,4,3,1
4615310000000,5,24,7
4615310000000,6,3,0
4615310000000,7,208,38
4615310000000,9,15,2
4615320000000,5,1,0
4615320000000,7,10,0
4615320000000,9,1,0
4755070000000,0,2,0
4755070000000,2,9,6
4755070000000,5,75,15
4755070000000,6,1,0
4755070000000,7,54,10
4755070000000,9,1,0
5100580000000,2,1,0
5100580000000,3,1,0
5100580000000,5,18,0
5100580000000,7,54,1
5100580000000,9,5,0
5100590000000,1,1,0
5100590000000,2,1,0
5100590000000,5,4,0
5100590000000,6,1,0
5100590000000,7,3,0
5615560000000,1,4,2
5615560000000,2,1,0
5615560000000,5,23,9
5615560000000,6,1,0
5615560000000,7,139,58
5615560000000,9,10,3
5615640000000,1,5,0
5615640000000,2,2,0
5615640000000,3,2,0
5615640000000,4,3,2
5615640000000,5,45,5
5615640000000,6,5,0
5615640000000,7,210,47
5615640000000,9,7,1
6615980000000,1,2,1
6615980000000,2,1,1
6615980000000,5,60,14
6615980000000,7,27,15
6616060000000,5,13,4
6616060000000,7,9,1
6616060000000,9,1,0
6616140000000,0,1,0
6616140000000,3,1,0
6616140000000,4,1,0
6616140000000,5,57,15
6616140000000,7,24,6
6616220000000,2,4,2
6616220000000,5,80,19
6616220000000,7,13,4
7100740000000,0,2,2
7100740000000,1,1,1
7100740000000,2,25,21
7100740000000,3,6,1
7100740000000,4,19,13
7100740000000,5,143,74
7100740000000,6,56,16
7100740000000,7,267,153
7100740000000,9,12,3
7616300000000,0,4,4
7616300000000,1,2,1
7616300000000,2,171,136
7616300000000,3,2,2
7616300000000,4,22,15
7616300000000,5,115,71
7616300000000,6,14,8
7616300000000,7,813,616
7616300000000,9,71,56
7616480000000,0,2,0
7616480000000,1,17,3
7616480000000,2,73,46
7616480000000,3,9,2
7616480000000,4,105,59
7616480000000,5,521,148
7616480000000,6,320,53
7616480000000,7,312,123
7616480000000,9,63,24
7616630000000,2,2,1
7616630000000,5,18,1
7616630000000,7,15,9
7616630000000,9,2,1
7616970000000,1,1,0
7616970000000,2,9,1
7616970000000,3,2,0
7616970000000,4,13,6
7616970000000,5,36,5
7616970000000,6,23,3
7616970000000,7,22,2
7616970000000,9,10,5
7617210000000,0,1,0
7617210000000,1,8,5
7617210000000,2,53,40
7617210000000,3,14,1
7617210000000,4,77,52
7617210000000,5,598,216
7617210000000,6,146,52
7617210000000,7,841,415
7617210000000,9,71,33
7617390000000,1,1,0
7617390000000,2,12,10
7617390000000,3,2,0
7617390000000,4,11,7
7617390000000,5,70,24
7617390000000,6,5,2
7617390000000,7,183,85
7617390000000,9,29,16
7617540000000,0,14,3
7617540000000,1,9,1
7617540000000,2,188,102
7617540000000,3,20,6
7617540000000,4,104,37
7617540000000,5,651,116
7617540000000,6,80,12
7617540000000,7,858,354
7617540000000,9,30,6
7617880000000,0,1,0
7617880000000,1,4,0
7617880000000,2,22,10
7617880000000,3,19,8
7617880000000,4,57,37
7617880000000,5,397,128
7617880000000,6,139,41
7617880000000,7,49,17
7617880000000,9,14,0
7617960000000,1,1,0
7617960000000,2,228,125
7617960000000,3,18,5
7617960000000,4,139,82
7617960000000,5,928,370
7617960000000,6,346,99
7617960000000,7,178,85
7617960000000,9,11,6
7618040000000,1,6,4
7618040000000,2,629,522
7618040000000,3,9,2
7618040000000,4,80,53
7618040000000,5,203,133
7618040000000,6,49,21
7618040000000,7,1329,945
7618040000000,9,114,71
8100820000000,0,2,0
8100820000000,1,20,0
8100820000000,2,6,0
8100820000000,5,19,0
8100820000000,6,4,0
8100820000000,7,67,0
8100820000000,9,3,0
8618200000000,1,22,4
8618200000000,2,19,9
8618200000000,4,2,2
8618200000000,5,40,11
8618200000000,6,2,1
8618200000000,7,127,27
8618200000000,9,1,1
9100900000000,1,1,0
9100900000000,3,1,0
9100900000000,5,51,0
9100900000000,6,15,0
9100900000000,7,58,0
9100900000000,9,7,0
9618530000000,1,15,3
9618530000000,2,55,38
9618530000000,3,3,1
9618530000000,4,12,7
9618530000000,5,200,64
9618530000000,6,29,15
9618530000000,7,1241,657
9618530000000,9,68,40
9619030000000,0,2,0
9619030000000,1,2,0
9619030000000,2,4,4
9619030000000,4,9,2
9619030000000,5,104,19
9619030000000,6,4,1
9619030000000,7,133,66
9619030000000,9,3,2
9737830000000,1,2,0
9737830000000,4,1,0
9737830000000,5,7,2
9737830000000,7,102,22
9737830000000,9,1,0
10101100000000,0,3,2
10101100000000,2,18,0
10101100000000,3,1,0
10101100000000,5,85,9
10101100000000,6,12,4
10101100000000,7,24,5
10101100000000,9,1,0
10621200000000,1,23,15
10621200000000,2,374,279
10621200000000,3,12,9
10621200000000,4,65,57
10621200000000,5,859,455
10621200000000,6,91,52
10621200000000,7,1303,847
10621200000000,9,61,39
10621300000000,0,2,0
10621300000000,2,5,3
10621300000000,3,1,1
10621300000000,4,1,0
10621300000000,5,223,40
10621300000000,6,1,1
10621300000000,7,32,11
10621600000000,2,16,13
10621600000000,5,129,57
10621600000000,6,3,0
10621600000000,7,21,12
10621700000000,1,26,5
10621700000000,2,639,402
10621700000000,3,11,5
10621700000000,4,33,24
10621700000000,5,2503,926
10621700000000,6,427,145
10621700000000,7,527,312
10621700000000,9,27,13
10622600000000,1,1,1
10622600000000,2,11,9
10622600000000,4,1,1
10622600000000,5,135,36
10622600000000,7,95,50
10622600000000,9,10,4
10622700000000,0,4,2
10622700000000,1,4,2
10622700000000,2,8,4
10622700000000,4,9,2
10622700000000,5,498,172
10622700000000,6,2,1
10622700000000,7,75,36
10622700000000,9,4,3
10622800000000,1,1,1
10622800000000,2,1,0
10622800000000,5,26,11
10622800000000,7,9,5
10623300000000,7,4,0
10623600000000,2,2,1
10623600000000,5,198,70
10623800000000,0,1,0
10623800000000,2,2,0
10623800000000,5,50,0
10623800000000,6,10,0
10623800000000,7,10,0
10624100000000,0,1,1
10624100000000,2,59,44
10624100000000,3,2,2
10624100000000,4,3,3
10624100000000,5,501,220
10624100000000,6,8,4
10624100000000,7,87,44
10624100000000,9,5,3
10624300000000,1,1,0
10624300000000,2,15,11
10624300000000,3,2,2
10624300000000,4,2,1
10624300000000,5,344,107
10624300000000,6,5,3
10624300000000,7,29,13
10625400000000,0,1,1
10625400000000,1,2,2
10625400000000,2,2,2
10625400000000,5,74,72
10625400000000,6,6,6
10625400000000,7,11,11
10625500000000,1,2,0
10625500000000,2,4,0
10625500000000,5,54,0
10625500000000,6,3,0
10625500000000,7,18,0
10738100000000,5,151,44
10738100000000,6,1,0
10738100000000,7,14,6
10739700000000,1,4,2
10739700000000,2,130,77
10739700000000,3,4,1
10739700000000,4,12,8
10739700000000,5,482,157
10739700000000,6,91,33
10739700000000,7,183,80
10739700000000,9,8,3
10740000000000,1,2,1
10740000000000,2,21,10
10740000000000,5,224,62
10740000000000,7,26,12
10751300000000,0,1,0
10751300000000,2,1,1
10751300000000,5,153,44
10751300000000,7,4,3
10752300000000,0,1,0
10752300000000,2,1,0
10752300000000,5,102,5
10752800000000,1,19,0
10752800000000,2,1,1
10752800000000,4,1,0
10752800000000,5,16,5
10752800000000,6,3,3
10752800000000,7,86,41
10752800000000,9,1,0
10754100000000,1,1,0
10754100000000,5,103,51
10754100000000,7,17,10
10756000000000,2,9,4
10756000000000,5,109,47
10756000000000,7,26,13
10756000000000,9,1,0
10767800000000,1,1,0
10767800000000,2,29,18
10767800000000,4,1,0
10767800000000,5,187,58
10767800000000,6,32,5
10767800000000,7,25,8
10767800000000,9,1,0
11101200000000,0,4,2
11101200000000,1,1,0
11101200000000,2,3,3
11101200000000,3,1,1
11101200000000,5,45,15
11101200000000,6,21,14
11101200000000,7,22,4
11101200000000,9,4,0
11626500000000,5,11,2
11626500000000,6,1,0
11626500000000,7,13,3
11626500000000,9,2,0
11626600000000,1,3,0
11626600000000,2,4,2
11626600000000,3,1,0
11626600000000,5,36,6
11626600000000,6,2,0
11626600000000,7,50,14
11754800000000,1,3,0
11754800000000,2,9,4
11754800000000,5,100,16
11754800000000,6,2,0
11754800000000,7,62,6
11765600000000,5,46,19
11765600000000,6,1,1
11765600000000,7,17,9
12101200000000,0,1,1
12101200000000,1,1,0
12101200000000,2,2,2
12101200000000,4,1,1
12101200000000,5,7,2
12101200000000,7,43,25
12101200000000,9,6,3
12626900000000,0,4,0
12626900000000,1,18,7
12626900000000,2,9,6
12626900000000,3,4,3
12626900000000,5,36,11
12626900000000,6,2,0
12626900000000,7,278,146
12626900000000,9,29,14
12628100000000,1,14,2
12628100000000,2,3,1
12628100000000,3,1,0
12628100000000,4,3,2
12628100000000,5,60,17
12628100000000,6,2,0
12628100000000,7,151,47
12628100000000,9,2,0
12629000000000,1,48,10
12629000000000,2,1,0
12629000000000,3,1,0
12629000000000,5,3,0
12629000000000,7,6,1
12629000000000,9,2,0
12629300000000,5,2,0
12629300000000,7,12,0
12630300000000,1,3,1
12630300000000,5,5,2
12630300000000,6,1,1
12630300000000,7,29,9
12630300000000,9,5,3
12630400000000,1,3,2
12630400000000,5,5,0
12630400000000,7,33,13
12753700000000,1,1,0
12753700000000,5,3,2
12753700000000,7,24,12
12753700000000,9,1,0
12753800000000,1,6,0
12753800000000,5,9,0
12753800000000,6,2,0
12753800000000,7,59,3
12753800000000,9,11,0
12755200000000,1,15,4
12755200000000,2,32,11
12755200000000,3,3,0
12755200000000,4,5,1
12755200000000,5,52,8
12755200000000,6,8,2
12755200000000,7,173,54
12755200000000,9,10,1
13101300000000,5,14,0
13101300000000,7,1,0
13630800000000,1,1,0
13630800000000,2,4,4
13630800000000,4,1,1
13630800000000,5,373,90
13630800000000,6,4,0
13630800000000,7,44,20
13630800000000,9,3,2
13631000000000,0,2,0
13631000000000,2,4,4
13631000000000,4,1,0
13631000000000,5,689,172
13631000000000,7,5,2
13631100000000,2,1,1
13631100000000,5,58,17
13631100000000,6,3,0
13631100000000,7,1,0
13631100000000,9,2,0
13631200000000,1,1,0
13631200000000,2,16,13
13631200000000,3,1,1
13631200000000,5,817,210
13631200000000,6,9,2
13631200000000,7,46,19
13631200000000,9,1,1
13631500000000,5,121,59
13631500000000,7,16,11
13631600000000,2,6,4
13631600000000,4,3,2
13631600000000,5,191,59
13631600000000,6,5,2
13631600000000,7,41,16
13632100000000,1,7,0
13632100000000,5,15,0
13632100000000,6,1,0
13632100000000,7,1,0
14101400000000,0,2,0
14101400000000,1,5,0
14101400000000,2,5,0
14101400000000,3,1,0
14101400000000,4,1,0
14101400000000,5,652,36
14101400000000,6,167,2
14101400000000,7,18,1
14632500000000,1,6,6
14632500000000,7,3,3
14632700000000,1,1,0
14632900000000,1,1,0
14632900000000,5,11,2
14632900000000,6,1,0
14632900000000,7,8,1
14633000000000,1,1,0
14633000000000,5,1,0
14633000000000,7,6,0
14766900000000,1,20,3
14766900000000,2,3,1
14766900000000,5,48,13
14766900000000,7,89,45
14766900000000,9,17,8
15101600000000,1,3,0
15101600000000,2,6,2
15101600000000,4,2,1
15101600000000,5,254,31
15101600000000,6,33,0
15101600000000,7,93,10
15101600000000,9,3,0
15634100000000,2,7,5
15634100000000,4,113,60
15634100000000,5,817,304
15634100000000,6,12,4
15634100000000,7,18,7
15635300000000,0,13,3
15635300000000,1,52,20
15635300000000,2,218,141
15635300000000,3,13,7
15635300000000,4,95,62
15635300000000,5,5097,1455
15635300000000,6,498,126
15635300000000,7,2007,753
15635300000000,9,121,45
15636300000000,0,1,0
15636300000000,2,3,0
15636300000000,3,1,0
15636300000000,4,3,0
15636300000000,5,34,1
15636300000000,6,6,0
15636300000000,7,60,2
15636300000000,9,1,0
15636800000000,2,1,0
15636800000000,3,1,0
15636800000000,4,2,1
15636800000000,5,58,13
15636800000000,6,22,2
15636800000000,7,40,12
15636800000000,9,9,2
15636900000000,1,1,0
15636900000000,2,5,2
15636900000000,4,5,0
15636900000000,5,24,11
15636900000000,6,11,6
15636900000000,7,70,30
15636900000000,9,19,7
15637800000000,0,2,0
15637800000000,3,1,0
15637800000000,4,4,1
15637800000000,5,97,3
15637800000000,6,16,1
15637800000000,7,67,5
15638200000000,1,5,1
15638200000000,2,3,2
15638200000000,3,1,0
15638200000000,5,99,29
15638200000000,6,3,1
15638200000000,7,114,35
15638200000000,9,4,0
15638300000000,2,2,1
15638300000000,4,3,1
15638300000000,5,56,12
15638300000000,6,8,4
15638300000000,7,178,48
15638300000000,9,2,1
15638600000000,1,3,0
15638600000000,2,1,1
15638600000000,5,333,66
15638600000000,6,13,4
15638600000000,7,25,8
15737400000000,1,1,1
15737400000000,2,16,10
15737400000000,3,8,1
15737400000000,4,7,4
15737400000000,5,84,17
15737400000000,6,14,2
15737400000000,7,201,47
15737400000000,9,6,1
15739100000000,4,3,2
15739100000000,5,209,79
15739100000000,6,1,0
15739100000000,7,4,1
15751700000000,0,2,1
15751700000000,2,1,1
15751700000000,3,1,0
15751700000000,5,18,7
15751700000000,6,2,0
15751700000000,7,35,6
15751700000000,9,1,1
16101700000000,5,11,0
16101700000000,6,1,0
16101700000000,7,5,0
16638800000000,0,1,0
16638800000000,1,5,0
16638800000000,2,2,0
16638800000000,4,1,0
16638800000000,5,34,0
16638800000000,6,5,0
16638800000000,7,45,0
16638800000000,9,2,0
16638900000000,0,1,0
16638900000000,4,1,0
16638900000000,5,123,44
16638900000000,6,7,1
16638900000000,7,15,6
16639300000000,1,3,0
16639300000000,2,19,11
16639300000000,3,2,1
16639300000000,4,16,8
16639300000000,5,548,118
16639300000000,6,61,15
16639300000000,7,253,98
16639300000000,9,3,1
16639800000000,1,9,0
16639800000000,2,6,4
16639800000000,3,1,1
16639800000000,4,27,10
16639800000000,5,260,79
16639800000000,6,33,11
16639800000000,7,175,78
16639800000000,9,2,0
16739300000000,2,4,0
16739300000000,5,120,2
16739300000000,6,2,0
16739300000000,7,2,0
17101700000000,1,1,0
17101700000000,7,2,0
17640100000000,1,1,1
17640100000000,5,47,18
17640100000000,6,1,0
17640100000000,7,67,18
17640100000000,9,4,1
17640200000000,1,5,2
17640200000000,2,2,1
17640200000000,5,44,13
17640200000000,6,7,1
17640200000000,7,74,11
17640200000000,9,11,4
17640300000000,1,9,0
17640300000000,2,1,0
17640300000000,4,1,1
17640300000000,5,34,8
17640300000000,6,2,0
17640300000000,7,74,30
17640300000000,9,8,4
17640600000000,0,1,0
17640600000000,2,2,1
17640600000000,3,1,1
17640600000000,5,27,11
17640600000000,6,2,0
17640600000000,7,91,25
17640600000000,9,2,1
17640700000000,1,7,0
17640700000000,2,2,1
17640700000000,3,1,0
17640700000000,5,19,5
17640700000000,7,40,6
17640700000000,9,6,1
18101800000000,7,2,2
18640900000000,1,1,0
18640900000000,5,1,0
18640900000000,7,14,1
18641400000000,1,12,2
18641400000000,2,2,0
18641400000000,3,1,0
18641400000000,4,2,2
18641400000000,5,28,6
18641400000000,6,2,0
18641400000000,7,150,34
18641400000000,9,2,0
18641600000000,0,2,1
18641600000000,1,5,0
18641600000000,5,9,0
18641600000000,7,49,2
18642000000000,1,4,0
18642000000000,5,12,2
18642000000000,6,1,0
18642000000000,7,53,5
18750400000000,1,1,1
18750400000000,5,3,3
18750400000000,7,25,25
19102000000000,1,3,0
19102000000000,2,4,0
19102000000000,3,2,0
19102000000000,4,8,2
19102000000000,5,542,56
19102000000000,6,115,0
19102000000000,7,24,2
19102000000000,9,3,0
19642100000000,0,1,0
19642100000000,1,3,0
19642100000000,2,487,334
19642100000000,3,12,2
19642100000000,4,193,95
19642100000000,5,658,152
19642100000000,6,151,52
19642100000000,7,116,41
19642100000000,9,26,12
19642500000000,0,2,0
19642500000000,1,24,2
19642500000000,2,95,39
19642500000000,3,14,3
19642500000000,4,86,30
19642500000000,5,2871,648
19642500000000,6,789,157
19642500000000,7,931,264
19642500000000,9,83,25
19642600000000,2,582,418
19642600000000,3,1,1
19642600000000,4,28,18
19642600000000,5,119,46
19642600000000,6,21,8
19642600000000,7,131,80
19642600000000,9,2,1
19642800000000,1,1,0
19642800000000,2,8,5
19642800000000,3,1,0
19642800000000,4,14,6
19642800000000,5,588,151
19642800000000,6,2,1
19642800000000,7,27,7
19642800000000,9,3,2
19642900000000,0,2,0
19642900000000,1,8,0
19642900000000,2,63,42
19642900000000,3,6,0
19642900000000,4,33,10
19642900000000,5,1531,296
19642900000000,6,104,2
19642900000000,7,127,0
19642900000000,9,29,0
19643000000000,1,2,0
19643000000000,2,35,23
19643000000000,3,13,1
19643000000000,4,57,36
19643000000000,5,884,280
19643000000000,6,160,32
19643000000000,7,140,49
19643000000000,9,17,5
19643100000000,2,49,35
19643100000000,4,9,4
19643100000000,5,35,15
19643100000000,6,26,15
19643100000000,7,297,196
19643100000000,9,2,2
19643300000000,0,13,6
19643300000000,1,3,1
19643300000000,2,34,24
19643300000000,4,10,8
19643300000000,5,375,152
19643300000000,6,30,10
19643300000000,7,263,129
19643300000000,9,39,18
19643400000000,0,8,1
19643400000000,2,81,58
19643400000000,3,1,0
19643400000000,4,80,46
19643400000000,5,615,144
19643400000000,6,46,13
19643400000000,7,675,298
19643400000000,9,28,12
19643500000000,0,5,4
19643500000000,1,3,0
19643500000000,2,45,26
19643500000000,3,15,3
19643500000000,4,18,9
19643500000000,5,1087,333
19643500000000,6,261,77
19643500000000,7,48,20
19643500000000,9,21,6
19643800000000,1,2,1
19643800000000,2,17,13
19643800000000,3,1,0
19643800000000,4,10,4
19643800000000,5,301,120
19643800000000,6,13,5
19643800000000,7,104,38
19643800000000,9,20,10
19643900000000,0,17,10
19643900000000,1,4,3
19643900000000,2,61,51
19643900000000,3,1,0
19643900000000,4,7,5
19643900000000,5,226,138
19643900000000,6,29,17
19643900000000,7,219,151
19643900000000,9,26,16
19644400000000,1,2,0
19644400000000,2,132,110
19644400000000,3,8,1
19644400000000,4,40,29
19644400000000,5,998,485
19644400000000,6,155,80
19644400000000,7,247,157
19644400000000,9,7,2
19644500000000,0,1,0
19644500000000,1,9,1
19644500000000,2,56,48
19644500000000,3,3,2
19644500000000,4,30,17
19644500000000,5,1834,721
19644500000000,6,63,22
19644500000000,7,142,71
19644500000000,9,3,1
19644700000000,0,1,0
19644700000000,1,1,0
19644700000000,2,15,6
19644700000000,4,18,10
19644700000000,5,287,72
19644700000000,6,29,12
19644700000000,7,37,16
19644700000000,9,5,1
19645200000000,1,4,2
19645200000000,2,450,335
19645200000000,3,2,1
19645200000000,4,4,3
19645200000000,5,1538,537
19645200000000,6,5,1
19645200000000,7,26,9
19645200000000,9,22,15
19645300000000,0,1,0
19645300000000,1,1,0
19645300000000,2,4,3
19645300000000,4,3,3
19645300000000,5,708,280
19645300000000,6,2,1
19645300000000,7,6,1
19645300000000,9,1,0
19645400000000,1,4,0
19645400000000,2,17,15
19645400000000,3,1,1
19645400000000,4,11,10
19645400000000,5,10,3
19645400000000,6,17,8
19645400000000,7,238,165
19645400000000,9,34,23
19645700000000,1,5,1
19645700000000,2,286,233
19645700000000,3,5,5
19645700000000,4,156,89
19645700000000,5,440,138
19645700000000,6,21,8
19645700000000,7,1141,564
19645700000000,9,13,3
19645800000000,0,2,0
19645800000000,1,4,2
19645800000000,2,41,25
19645800000000,3,3,0
19645800000000,4,21,17
19645800000000,5,300,88
19645800000000,6,19,5
19645800000000,7,405,159
19645800000000,9,26,13
19645900000000,2,9,9
19645900000000,3,1,1
19645900000000,4,5,4
19645900000000,5,80,56
19645900000000,6,10,6
19645900000000,7,2,2
19645900000000,9,2,2
19646300000000,0,2,1
19646300000000,1,1,0
19646300000000,2,2,2
19646300000000,3,3,0
19646300000000,4,3,1
19646300000000,5,420,132
19646300000000,6,265,73
19646300000000,9,1,0
19646600000000,1,2,0
19646600000000,2,80,70
19646600000000,5,42,22
19646600000000,7,208,161
19646600000000,9,22,21
19646800000000,1,4,0
19646800000000,2,59,40
19646800000000,3,3,1
19646800000000,4,8,6
19646800000000,5,71,34
19646800000000,6,19,12
19646800000000,7,750,472
19646800000000,9,15,12
19646900000000,0,2,2
19646900000000,2,10,10
19646900000000,3,1,1
19646900000000,5,75,75
19646900000000,6,10,10
19646900000000,7,6,6
19647100000000,0,1,1
19647100000000,2,1,1
19647100000000,5,241,233
19647300000000,0,228,88
19647300000000,1,110,54
19647300000000,2,2189,1513
19647300000000,3,208,75
19647300000000,4,1465,930
19647300000000,5,29926,14413
19647300000000,6,4253,1877
19647300000000,7,4451,2614
19647300000000,9,259,155
19647700000000,3,4,2
19647700000000,4,1,0
19647700000000,5,861,366
19647700000000,6,57,14
19647700000000,7,5,2
19647900000000,1,2,1
19647900000000,2,18,15
19647900000000,4,12,7
19647900000000,5,236,93
19647900000000,6,33,12
19647900000000,7,119,74
19647900000000,9,6,5
19648100000000,1,2,2
19648100000000,2,40,35
19648100000000,3,2,2
19648100000000,4,6,4
19648100000000,5,2002,603
19648100000000,6,5,4
19648100000000,7,41,18
19648100000000,9,5,2
19648400000000,0,3,3
19648400000000,1,2,0
19648400000000,2,46,32
19648400000000,3,9,3
19648400000000,4,41,24
19648400000000,5,1093,359
19648400000000,6,43,9
19648400000000,7,162,58
19648400000000,9,15,11
19648600000000,0,1,1
19648600000000,1,4,0
19648600000000,2,2,1
19648600000000,3,1,0
19648600000000,5,99,11
19648600000000,6,20,3
19648600000000,7,24,1
19648700000000,1,4,2
19648700000000,2,282,240
19648700000000,3,13,5
19648700000000,4,40,28
19648700000000,5,1072,396
19648700000000,6,138,38
19648700000000,7,654,510
19648700000000,9,15,12
19648800000000,0,12,1
19648800000000,1,2,0
19648800000000,2,31,23
19648800000000,3,4,0
19648800000000,4,24,14
19648800000000,5,703,258
19648800000000,6,231,70
19648800000000,7,184,109
19648800000000,9,29,24
19649100000000,0,1,1
19649100000000,1,1,0
19649100000000,2,88,54
19649100000000,3,3,1
19649100000000,4,26,18
19649100000000,5,1299,477
19649100000000,6,113,45
19649100000000,7,66,36
19649100000000,9,23,11
19649600000000,2,151,112
19649600000000,3,1,1
19649600000000,4,3,3
19649600000000,5,25,14
19649600000000,6,2,1
19649600000000,7,68,58
19649600000000,9,9,8
19649800000000,2,65,62
19649800000000,3,3,3
19649800000000,4,8,8
19649800000000,5,263,188
19649800000000,6,66,34
19649800000000,7,426,362
19649800000000,9,34,28
19650300000000,0,2,1
19650300000000,1,1,1
19650300000000,2,153,136
19650300000000,4,9,6
19650300000000,5,84,44
19650300000000,6,12,8
19650300000000,7,97,82
19650300000000,9,9,5
19650500000000,1,1,0
19650500000000,2,354,254
19650500000000,3,1,1
19650500000000,4,9,5
19650500000000,5,105,29
19650500000000,6,2,1
19650500000000,7,53,32
19650500000000,9,16,10
19650600000000,0,27,14
19650600000000,1,14,4
19650600000000,2,636,454
19650600000000,3,16,7
19650600000000,4,139,91
19650600000000,5,545,204
19650600000000,6,110,45
19650600000000,7,549,268
19650600000000,9,93,48
19650900000000,0,5,1
19650900000000,1,3,1
19650900000000,2,106,68
19650900000000,3,1,0
19650900000000,4,58,33
19650900000000,5,680,207
19650900000000,6,75,6
19650900000000,7,192,20
19650900000000,9,7,2
19651300000000,1,15,6
19651300000000,2,33,28
19651300000000,3,7,4
19651300000000,4,40,23
19651300000000,5,2557,1284
19651300000000,6,32,15
19651300000000,7,249,132
19651300000000,9,1,0
19651400000000,0,9,3
19651400000000,1,13,5
19651400000000,2,251,202
19651400000000,3,13,4
19651400000000,4,209,153
19651400000000,5,1521,533
19651400000000,6,222,74
19651400000000,7,1998,1147
19651400000000,9,145,83
19734400000000,0,1,1
19734400000000,1,1,1
19734400000000,3,10,1
19734400000000,4,1,0
19734400000000,5,762,232
19734400000000,6,220,36
19734400000000,7,2,0
19734400000000,9,1,0
19734500000000,0,1,0
19734500000000,1,8,1
19734500000000,2,528,330
19734500000000,3,10,2
19734500000000,4,138,76
19734500000000,5,1697,404
19734500000000,6,37,9
19734500000000,7,112,35
19734500000000,9,11,7
19734600000000,1,2,0
19734600000000,2,871,662
19734600000000,3,15,10
19734600000000,4,71,47
19734600000000,5,331,138
19734600000000,6,42,15
19734600000000,7,136,65
19734600000000,9,10,7
19752900000000,0,2,0
19752900000000,1,3,0
19752900000000,2,4,0
19752900000000,5,213,0
19752900000000,6,13,0
19752900000000,7,57,0
19752900000000,9,17,0
19753100000000,0,2,0
19753100000000,1,2,0
19753100000000,2,9,3
19753100000000,4,2,0
19753100000000,5,71,9
19753100000000,6,19,1
19753100000000,7,81,17
19753100000000,9,2,1
19753300000000,0,5,5
19753300000000,1,1,1
19753300000000,2,70,70
19753300000000,3,2,2
19753300000000,4,3,3
19753300000000,5,104,103
19753300000000,6,21,21
19753300000000,7,354,354
19753300000000,9,66,66
19753400000000,1,1,1
19753400000000,2,74,56
19753400000000,3,9,2
19753400000000,4,13,9
19753400000000,5,168,69
19753400000000,6,64,32
19753400000000,7,299,185
19753400000000,9,15,6
19756600000000,7,1,0
19756600000000,9,1,0
19757000000000,0,1,0
19757000000000,1,1,1
19757000000000,5,66,38
19757000000000,6,6,2
19757000000000,7,11,5
19757000000000,9,1,0
19757100000000,1,2,2
19757100000000,2,1096,726
19757100000000,4,28,20
19757100000000,5,662,193
19757100000000,6,9,6
19757100000000,7,31,8
19757100000000,9,28,18
19765000000000,5,34,34
19765000000000,6,14,14
19768700000000,2,13,13
19768700000000,3,2,2
19768700000000,4,4,4
19768700000000,5,118,116
19768700000000,6,39,38
19768700000000,7,38,36
19768700000000,9,5,5
19768900000000,5,30,17
19768900000000,9,1,0
20102100000000,1,1,0
20102100000000,5,145,0
20102100000000,6,2,0
20102100000000,7,16,0
20102100000000,9,2,0
20652000000000,1,3,1
20652000000000,2,2,1
20652000000000,4,3,1
20652000000000,5,120,36
20652000000000,6,5,0
20652000000000,7,76,30
20652400000000,0,4,3
20652400000000,1,2,1
20652400000000,2,21,12
20652400000000,3,1,0
20652400000000,4,3,3
20652400000000,5,906,322
20652400000000,6,21,7
20652400000000,7,135,67
20652400000000,9,1,1
20755800000000,1,2,1
20755800000000,2,2,0
20755800000000,4,1,0
20755800000000,5,54,19
20755800000000,6,2,0
20755800000000,7,77,26
20756100000000,1,7,0
20756100000000,2,1,0
20756100000000,5,21,0
20756100000000,6,2,0
20756100000000,7,87,0
20756100000000,9,13,0
20764100000000,0,1,0
20764100000000,1,11,3
20764100000000,2,2,2
20764100000000,4,1,1
20764100000000,5,42,9
20764100000000,7,123,43
20764100000000,9,10,3
21102200000000,2,2,0
21102200000000,5,10,0
21102200000000,6,2,0
21102200000000,7,4,0
21102200000000,9,1,0
21654200000000,0,1,1
21654200000000,1,3,1
21654200000000,2,31,23
21654200000000,4,4,2
21654200000000,5,160,35
21654200000000,6,16,3
21654200000000,7,351,194
21654200000000,9,26,14
21654700000000,0,1,0
21654700000000,1,2,0
21654700000000,2,1,0
21654700000000,4,1,0
21654700000000,5,25,0
21654700000000,7,4,0
21654800000000,0,1,0
21654800000000,1,1,1
21654800000000,2,36,32
21654800000000,3,3,1
21654800000000,4,7,5
21654800000000,5,99,51
21654800000000,6,29,6
21654800000000,7,664,537
21654800000000,9,60,47
21733600000000,3,1,0
21733600000000,5,25,11
21733600000000,7,22,11
21733600000000,9,1,0
22102200000000,5,1,0
22102200000000,7,2,0
22655300000000,0,2,0
22655300000000,1,4,1
22655300000000,2,1,1
22655300000000,4,2,0
22655300000000,5,19,7
22655300000000,6,5,0
22655300000000,7,95,31
22655300000000,9,6,2
23102300000000,5,2,0
23102300000000,7,3,0
23655400000000,1,1,0
23655400000000,5,41,14
23655400000000,7,8,3
23655600000000,5,1,1
23655600000000,7,2,2
23655700000000,1,1,0
23655700000000,2,1,1
23655700000000,4,1,1
23655700000000,5,46,11
23655700000000,7,52,15
23655700000000,9,6,5
23655800000000,1,2,0
23655800000000,2,2,0
23655800000000,5,1,0
23655800000000,6,3,3
23655800000000,7,31,12
23655800000000,9,3,1
23656000000000,1,5,0
23656000000000,4,1,1
23656000000000,5,16,3
23656000000000,7,18,3
23656000000000,9,1,0
23656100000000,1,11,0
23656100000000,5,3,0
23656100000000,7,5,0
23656200000000,0,2,0
23656200000000,1,37,4
23656200000000,2,10,6
23656200000000,3,3,1
23656200000000,4,6,5
23656200000000,5,218,38
23656200000000,6,9,0
23656200000000,7,300,73
23656200000000,9,8,1
23738700000000,1,1,0
23738700000000,5,7,1
23738700000000,7,10,2
23739200000000,1,2,0
23739200000000,5,3,0
23739200000000,6,1,1
23739200000000,7,14,6
23739200000000,9,1,1
23752200000000,1,1,0
23752200000000,5,2,0
23752200000000,7,2,0
24102500000000,2,2,0
24102500000000,5,173,0
24102500000000,6,8,0
24102500000000,7,38,0
24102500000000,9,3,1
24657000000000,1,1,0
24657000000000,2,3,1
24657000000000,5,60,11
24657000000000,6,1,1
24657000000000,7,103,37
24657300000000,0,7,4
24657300000000,4,1,1
24657300000000,5,87,38
24657300000000,7,3,2
24657300000000,9,1,0
24657600000000,1,3,0
24657600000000,2,8,5
24657600000000,3,4,1
24657600000000,4,11,6
24657600000000,5,555,177
24657600000000,6,20,8
24657600000000,7,113,53
24657600000000,9,7,6
24657900000000,1,7,0
24657900000000,2,282,161
24657900000000,3,1,0
24657900000000,4,19,12
24657900000000,5,1344,399
24657900000000,6,80,21
24657900000000,7,391,150
24657900000000,9,46,12
24736200000000,2,2,1
24736200000000,5,93,26
24736200000000,7,32,15
24753200000000,0,1,0
24753200000000,2,1,1
24753200000000,5,135,27
24753200000000,6,5,0
24753200000000,7,31,9
24753700000000,2,7,4
24753700000000,3,1,0
24753700000000,4,1,1
24753700000000,5,148,43
24753700000000,6,1,0
24753700000000,7,15,6
25102600000000,0,1,0
25102600000000,6,1,1
25102600000000,7,2,0
25659000000000,1,1,0
25659000000000,5,2,2
25659000000000,7,3,1
25735900000000,1,2,0
25735900000000,5,40,8
25735900000000,6,1,1
25735900000000,7,36,12
25735900000000,9,2,1
26102600000000,0,2,0
26102600000000,1,5,0
26102600000000,2,5,0
26102600000000,3,2,0
26102600000000,4,1,0
26102600000000,5,150,0
26102600000000,6,36,0
26102600000000,7,41,0
26736700000000,1,3,0
26736700000000,5,13,7
26736700000000,7,15,11
26736900000000,4,1,1
26736900000000,5,32,11
26736900000000,7,26,18
26736900000000,9,3,3
27102700000000,0,2,0
27102700000000,2,1,0
27102700000000,4,1,0
27102700000000,5,105,0
27102700000000,6,2,0
27102700000000,7,37,0
27659900000000,0,2,1
27659900000000,1,3,3
27659900000000,2,3,1
27659900000000,3,1,1
27659900000000,5,32,13
27659900000000,6,1,0
27659900000000,7,140,102
27659900000000,9,16,12
27660700000000,1,2,1
27660700000000,2,2,0
27660700000000,5,387,35
27660700000000,6,2,0
27660700000000,7,26,6
27660900000000,1,1,0
27660900000000,2,47,34
27660900000000,3,26,12
27660900000000,4,30,17
27660900000000,5,317,125
27660900000000,6,58,28
27660900000000,7,143,80
27660900000000,9,44,24
27661300000000,0,3,2
27661300000000,2,14,11
27661300000000,3,3,2
27661300000000,4,1,1
27661300000000,5,21,8
27661300000000,6,2,2
27661300000000,7,95,54
27661300000000,9,4,3
27661600000000,1,4,1
27661600000000,2,40,25
27661600000000,3,8,1
27661600000000,4,74,37
27661600000000,5,1630,488
27661600000000,6,31,12
27661600000000,7,240,128
27661600000000,9,11,5
27738300000000,1,1,0
27738300000000,2,2,0
27738300000000,4,3,1
27738300000000,5,212,62
27738300000000,7,58,13
27738300000000,9,5,1
27751500000000,5,2,0
27751500000000,7,1,0
27754400000000,3,1,0
27754400000000,4,3,3
27754400000000,5,291,72
27754400000000,6,1,0
27754400000000,7,7,3
27754700000000,3,1,0
27754700000000,5,169,53
27754700000000,6,1,1
27754700000000,7,5,1
27754700000000,9,1,0
28102800000000,5,28,0
28102800000000,6,1,0
28102800000000,7,15,0
28102800000000,9,1,0
28662400000000,0,2,0
28662400000000,5,46,19
28662400000000,6,1,0
28662400000000,7,9,2
28662700000000,0,2,1
28662700000000,1,7,2
28662700000000,2,37,27
28662700000000,3,5,3
28662700000000,4,102,77
28662700000000,5,589,182
28662700000000,6,37,18
28662700000000,7,411,221
28662700000000,9,66,33
28662900000000,1,1,1
28662900000000,2,1,1
28662900000000,4,1,1
28662900000000,5,59,28
28662900000000,6,4,1
28662900000000,7,52,31
29103000000000,0,57,0
29103000000000,1,8,0
29103000000000,2,11,0
29103000000000,3,3,0
29103000000000,4,6,0
29103000000000,5,431,4
29103000000000,6,152,0
29103000000000,7,246,34
29103000000000,9,26,0
29663600000000,1,10,2
29663600000000,2,7,3
29663600000000,3,3,0
29663600000000,4,1,0
29663600000000,5,52,13
29663600000000,6,6,0
29663600000000,7,540,190
29663600000000,9,19,5
30103100000000,0,11,0
30103100000000,1,17,0
30103100000000,2,66,0
30103100000000,4,1,0
30103100000000,5,698,0
30103100000000,6,23,0
30103100000000,7,269,0
30103100000000,9,31,0
30664300000000,1,11,4
30664300000000,2,647,469
30664300000000,3,27,10
30664300000000,4,216,139
30664300000000,5,2905,815
30664300000000,6,120,36
30664300000000,7,650,241
30664300000000,9,103,40
30664500000000,1,2,1
30664500000000,2,95,65
30664500000000,3,4,3
30664500000000,4,23,15
30664500000000,5,166,65
30664500000000,6,6,3
30664500000000,7,206,121
30664500000000,9,2,1
30664600000000,0,5,0
30664600000000,1,17,11
30664600000000,2,228,183
30664600000000,3,8,4
30664600000000,4,90,64
30664600000000,5,928,282
30664600000000,6,51,16
30664600000000,7,2687,1617
30664600000000,9,215,122
30665100000000,0,2,0
30665100000000,1,5,3
30665100000000,2,670,575
30665100000000,3,6,5
30665100000000,4,124,98
30665100000000,5,1732,610
30665100000000,6,67,24
30665100000000,7,684,371
30665100000000,9,51,30
30665200000000,0,8,2
30665200000000,1,7,4
30665200000000,2,1274,937
30665200000000,3,24,8
30665200000000,4,39,25
30665200000000,5,1702,668
30665200000000,6,23,7
30665200000000,7,377,206
30665200000000,9,5,3
30665500000000,0,71,43
30665500000000,1,212,123
30665500000000,2,964,749
30665500000000,3,24,11
30665500000000,4,35,25
30665500000000,5,848,397
30665500000000,6,37,14
30665500000000,7,1502,926
30665500000000,9,51,28
30665600000000,2,3,3
30665600000000,5,17,12
30665600000000,6,2,1
30665600000000,7,194,142
30665600000000,9,5,2
30666000000000,1,6,3
30666000000000,2,71,54
30666000000000,3,10,7
30666000000000,4,19,14
30666000000000,5,652,253
30666000000000,6,24,8
30666000000000,7,843,589
30666000000000,9,15,9
30666200000000,0,4,3
30666200000000,1,7,3
30666200000000,2,223,145
30666200000000,3,11,3
30666200000000,4,44,25
30666200000000,5,1030,180
30666200000000,6,34,9
30666200000000,7,773,333
30666200000000,9,35,21
30666500000000,0,9,5
30666500000000,1,7,4
30666500000000,2,280,218
30666500000000,3,4,2
30666500000000,4,36,23
30666500000000,5,695,232
30666500000000,6,46,25
30666500000000,7,944,548
30666500000000,9,18,11
30666700000000,1,4,2
30666700000000,2,142,121
30666700000000,3,4,3
30666700000000,4,20,16
30666700000000,5,3307,1393
30666700000000,6,17,11
30666700000000,7,214,179
30666700000000,9,42,40
30736400000000,0,13,8
30736400000000,1,18,8
30736400000000,2,439,351
30736400000000,3,23,7
30736400000000,4,142,73
30736400000000,5,1436,540
30736400000000,6,78,28
30736400000000,7,1874,1151
30736400000000,9,107,64
30736500000000,0,5,2
30736500000000,1,6,3
30736500000000,2,986,825
30736500000000,3,4,1
30736500000000,4,86,61
30736500000000,5,206,87
30736500000000,6,45,20
30736500000000,7,805,495
30736500000000,9,101,64
30739200000000,1,1,1
30739200000000,2,70,62
30739200000000,3,5,5
30739200000000,4,19,14
30739200000000,5,139,81
30739200000000,6,22,13
30739200000000,7,422,291
30739200000000,9,26,17
30768900000000,2,1,1
30768900000000,5,2,2
30768900000000,7,1,1
31103100000000,1,1,0
31103100000000,5,14,0
31103100000000,6,4,0
31103100000000,7,43,0
31668500000000,5,1,0
31668500000000,6,1,0
31668500000000,7,12,0
31668900000000,0,12,7
31668900000000,1,16,5
31668900000000,2,7,7
31668900000000,3,2,1
31668900000000,4,7,5
31668900000000,5,121,46
31668900000000,6,5,0
31668900000000,7,743,342
31668900000000,9,62,27
31669300000000,0,10,7
31669300000000,1,16,10
31669300000000,2,175,142
31669300000000,3,6,2
31669300000000,4,95,83
31669300000000,5,378,222
31669300000000,6,80,54
31669300000000,7,1462,1086
31669300000000,9,126,90
31669400000000,0,2,2
31669400000000,1,3,1
31669400000000,2,1,0
31669400000000,5,80,22
31669400000000,6,2,1
31669400000000,7,145,94
31669400000000,9,2,0
31669500000000,0,9,3
31669500000000,1,14,3
31669500000000,2,14,7
31669500000000,3,3,1
31669500000000,4,10,6
31669500000000,5,170,55
31669500000000,6,22,0
31669500000000,7,431,93
31669500000000,9,13,6
31750900000000,0,2,1
31750900000000,1,4,1
31750900000000,2,57,45
31750900000000,3,7,5
31750900000000,4,41,37
31750900000000,5,151,89
31750900000000,6,13,8
31750900000000,7,678,463
31750900000000,9,64,43
32103200000000,1,1,0
32103200000000,7,2,0
32669700000000,1,9,2
32669700000000,2,2,1
32669700000000,5,20,5
32669700000000,6,1,0
32669700000000,7,121,35
32669700000000,9,3,0
33103300000000,0,3,0
33103300000000,1,7,3
33103300000000,2,11,1
33103300000000,3,2,1
33103300000000,4,6,3
33103300000000,5,350,38
33103300000000,6,65,8
33103300000000,7,172,32
33103300000000,9,20,5
33316300000000,2,1,0
33316300000000,4,1,0
33316300000000,5,22,0
33316300000000,6,3,0
33316300000000,7,9,0
33669800000000,0,1,0
33669800000000,1,3,2
33669800000000,2,52,39
33669800000000,3,2,1
33669800000000,4,30,20
33669800000000,5,969,292
33669800000000,6,52,13
33669800000000,7,160,57
33669800000000,9,13,5
33669900000000,1,16,4
33669900000000,2,30,14
33669900000000,3,7,4
33669900000000,4,31,22
33669900000000,5,461,161
33669900000000,6,60,17
33669900000000,7,238,93
33669900000000,9,16,3
33670300000000,0,31,20
33670300000000,1,11,6
33670300000000,2,321,255
33670300000000,3,9,5
33670300000000,4,125,96
33670300000000,5,1988,816
33670300000000,6,324,165
33670300000000,7,1219,673
33670300000000,9,20,12
33670600000000,0,14,6
33670600000000,1,5,2
33670600000000,2,39,26
33670600000000,3,1,1
33670600000000,4,20,17
33670600000000,5,1576,536
33670600000000,6,46,15
33670600000000,7,535,257
33670600000000,9,12,7
33670800000000,1,9,1
33670800000000,2,28,15
33670800000000,3,5,0
33670800000000,4,21,8
33670800000000,5,748,173
33670800000000,6,109,22
33670800000000,7,519,156
33670800000000,9,38,8
33670900000000,0,1,0
33670900000000,1,3,0
33670900000000,2,12,8
33670900000000,3,3,2
33670900000000,4,3,3
33670900000000,5,1224,306
33670900000000,6,26,6
33670900000000,7,162,47
33670900000000,9,5,1
33671200000000,1,3,0
33671200000000,2,42,30
33671200000000,3,12,4
33671200000000,4,49,32
33671200000000,5,1453,479
33671200000000,6,378,96
33671200000000,7,268,105
33671200000000,9,20,10
33671600000000,3,1,0
33671600000000,4,2,0
33671600000000,5,93,0
33671600000000,6,10,0
33671600000000,7,25,0
33671600000000,9,1,0
33671700000000,1,12,2
33671700000000,2,29,20
33671700000000,3,4,2
33671700000000,4,60,32
33671700000000,5,1118,270
33671700000000,6,78,15
33671700000000,7,267,95
33671700000000,9,4,1
33671800000000,1,2,1
33671800000000,2,1,1
33671800000000,4,3,1
33671800000000,5,140,21
33671800000000,6,15,2
33671800000000,7,76,20
33671800000000,9,3,0
33672100000000,0,2,1
33672100000000,1,2,1
33672100000000,2,26,12
33672100000000,3,13,2
33672100000000,4,41,23
33672100000000,5,1237,414
33672100000000,6,159,48
33672100000000,7,319,100
33672100000000,9,50,15
33672200000000,0,14,6
33672200000000,1,12,5
33672200000000,2,123,101
33672200000000,3,19,5
33672200000000,4,63,40
33672200000000,5,1715,650
33672200000000,6,264,106
33672200000000,7,790,391
33672200000000,9,32,16
33672500000000,1,9,5
33672500000000,2,11,6
33672500000000,3,2,0
33672500000000,4,10,7
33672500000000,5,430,147
33672500000000,6,54,14
33672500000000,7,114,41
33672500000000,9,13,6
33736800000000,0,9,1
33736800000000,2,1,1
33736800000000,4,3,3
33736800000000,5,1196,346
33736800000000,6,1,0
33736800000000,7,14,1
33736800000000,9,1,0
33751800000000,1,7,1
33751800000000,2,34,23
33751800000000,3,10,2
33751800000000,4,36,14
33751800000000,5,755,212
33751800000000,6,91,29
33751800000000,7,567,177
33751800000000,9,24,5
33751900000000,0,10,6
33751900000000,1,33,21
33751900000000,2,97,73
33751900000000,3,12,8
33751900000000,4,143,110
33751900000000,5,693,432
33751900000000,6,120,64
33751900000000,7,1067,744
33751900000000,9,117,80
33752000000000,0,1,0
33752000000000,1,9,6
33752000000000,2,120,95
33752000000000,3,10,6
33752000000000,4,78,55
33752000000000,5,573,268
33752000000000,6,117,63
33752000000000,7,822,474
33752000000000,9,85,40
33752400000000,0,4,2
33752400000000,1,2,0
33752400000000,2,21,15
33752400000000,3,5,2
33752400000000,4,33,26
33752400000000,5,1039,501
33752400000000,6,254,122
33752400000000,7,89,42
33752400000000,9,18,9
34103500000000,2,1,0
34103500000000,5,22,0
34103500000000,6,30,0
34103500000000,7,15,0
34103500000000,9,9,0
34322800000000,2,5,0
34322800000000,3,6,0
34322800000000,5,49,0
34322800000000,6,30,0
34322800000000,7,6,0
34673100000000,0,2,2
34673100000000,1,32,13
34673100000000,2,1083,761
34673100000000,3,85,47
34673100000000,4,290,204
34673100000000,5,1071,439
34673100000000,6,683,269
34673100000000,7,1074,626
34673100000000,9,182,86
34673300000000,0,1,0
34673300000000,1,10,3
34673300000000,2,144,100
34673300000000,3,15,6
34673300000000,4,33,20
34673300000000,5,201,53
34673300000000,6,99,22
34673300000000,7,765,400
34673300000000,9,24,6
34673600000000,0,3,0
34673600000000,1,4,1
34673600000000,2,8,4
34673600000000,3,4,0
34673600000000,4,5,2
34673600000000,5,274,72
34673600000000,6,9,3
34673600000000,7,190,62
34673600000000,9,25,12
34674100000000,0,1,0
34674100000000,4,1,1
34674100000000,5,74,24
34674100000000,6,4,0
34674100000000,7,70,29
34674100000000,9,4,1
34674400000000,0,1,0
34674400000000,1,20,3
34674400000000,2,600,373
34674400000000,3,51,17
34674400000000,4,41,30
34674400000000,5,855,325
34674400000000,6,453,182
34674400000000,7,427,183
34674400000000,9,107,56
34674500000000,0,5,3
34674500000000,1,62,23
34674500000000,2,269,173
34674500000000,3,38,8
34674500000000,4,67,30
34674500000000,5,663,149
34674500000000,6,267,58
34674500000000,7,2353,848
34674500000000,9,36,4
34739700000000,0,2,0
34739700000000,1,4,0
34739700000000,2,28,14
34739700000000,3,5,0
34739700000000,4,15,6
34739700000000,5,62,9
34739700000000,6,36,4
34739700000000,7,138,27
34739700000000,9,12,3
34752800000000,0,32,6
34752800000000,1,6,1
34752800000000,2,119,78
34752800000000,3,19,5
34752800000000,4,61,40
34752800000000,5,293,128
34752800000000,6,152,64
34752800000000,7,111,73
34752800000000,9,39,25
34765100000000,0,39,4
34765100000000,1,24,3
34765100000000,2,202,78
34765100000000,3,32,6
34765100000000,4,27,6
34765100000000,5,690,115
34765100000000,6,307,30
34765100000000,7,491,91
34765100000000,9,42,6
35103600000000,1,1,0
35103600000000,5,5,0
35103600000000,7,1,0
35675400000000,0,1,0
35675400000000,1,6,1
35675400000000,2,7,3
35675400000000,3,1,1
35675400000000,4,15,7
35675400000000,5,450,151
35675400000000,6,6,3
35675400000000,7,214,118
35675400000000,9,3,3
35752600000000,2,4,2
35752600000000,4,1,1
35752600000000,5,43,20
35752600000000,7,22,14
35752600000000,9,4,2
36103600000000,0,1,0
36103600000000,5,3,0
36103600000000,6,2,0
36103600000000,7,1,0
36675900000000,0,2,0
36675900000000,1,4,0
36675900000000,2,4,0
36675900000000,3,1,0
36675900000000,5,168,0
36675900000000,6,72,0
36675900000000,7,64,0
36676100000000,1,9,3
36676100000000,2,7,2
36676100000000,3,11,1
36676100000000,4,6,2
36676100000000,5,200,26
36676100000000,6,48,6
36676100000000,7,98,18
36676100000000,9,8,0
36676400000000,1,1,0
36676400000000,2,2,1
36676400000000,3,1,1
36676400000000,5,75,14
36676400000000,6,2,2
36676400000000,7,122,55
36676400000000,9,6,1
36676500000000,0,26,11
36676500000000,1,17,9
36676500000000,2,311,245
36676500000000,3,32,15
36676500000000,4,120,96
36676500000000,5,3325,1409
36676500000000,6,453,218
36676500000000,7,1044,603
36676500000000,9,68,43
36676800000000,0,1,0
36676800000000,1,5,4
36676800000000,2,291,230
36676800000000,3,7,4
36676800000000,4,121,91
36676800000000,5,1284,430
36676800000000,6,112,48
36676800000000,7,568,286
36676800000000,9,52,30
36676900000000,1,4,0
36676900000000,2,16,8
36676900000000,3,2,1
36676900000000,4,15,9
36676900000000,5,1126,310
36676900000000,6,72,19
36676900000000,7,109,42
36676900000000,9,9,5
36677100000000,0,1,0
36677100000000,1,6,3
36677100000000,2,28,17
36677100000000,3,9,3
36677100000000,4,58,42
36677100000000,5,2416,846
36677100000000,6,220,56
36677100000000,7,143,50
36677100000000,9,17,5
36677400000000,2,4,4
36677400000000,4,3,0
36677400000000,5,20,4
36677400000000,6,5,1
36677400000000,7,38,14
36677400000000,9,1,1
36677800000000,1,5,1
36677800000000,2,9,1
36677800000000,3,8,0
36677800000000,4,9,3
36677800000000,5,178,28
36677800000000,6,32,6
36677800000000,7,300,46
36677800000000,9,41,10
36678000000000,1,4,0
36678000000000,2,2,2
36678000000000,5,13,2
36678000000000,7,32,5
36678000000000,9,1,0
36678300000000,1,6,0
36678300000000,3,2,0
36678300000000,4,3,1
36678300000000,5,316,41
36678300000000,6,31,7
36678300000000,7,169,35
36678300000000,9,19,3
36678400000000,0,8,4
36678400000000,1,9,3
36678400000000,2,150,112
36678400000000,3,18,8
36678400000000,4,66,40
36678400000000,5,718,248
36678400000000,6,98,36
36678400000000,7,610,322
36678400000000,9,50,25
36678500000000,1,6,1
36678500000000,2,30,22
36678500000000,3,5,1
36678500000000,4,10,8
36678500000000,5,1392,508
36678500000000,6,222,67
36678500000000,7,80,26
36678500000000,9,10,2
36678700000000,1,2,1
36678700000000,4,1,0
36678700000000,5,78,26
36678700000000,6,3,1
36678700000000,7,194,88
36678700000000,9,5,1
36678800000000,0,11,0
36678800000000,1,14,1
36678800000000,2,67,43
36678800000000,3,19,3
36678800000000,4,20,9
36678800000000,5,2333,650
36678800000000,6,463,105
36678800000000,7,284,100
36678800000000,9,17,2
36678900000000,1,1,0
36678900000000,5,3,0
36678900000000,6,1,0
36678900000000,7,7,0
36678900000000,9,1,0
36679300000000,0,7,0
36679300000000,1,11,1
36679300000000,2,37,27
36679300000000,3,20,2
36679300000000,4,30,20
36679300000000,5,1245,279
36679300000000,6,332,65
36679300000000,7,396,93
36679300000000,9,46,8
36679600000000,1,10,4
36679600000000,2,11,10
36679600000000,3,2,0
36679600000000,4,5,3
36679600000000,5,260,78
36679600000000,6,11,3
36679600000000,7,369,164
36679600000000,9,8,2
36738600000000,5,9,9
36738600000000,7,1,1
36738900000000,1,3,0
36738900000000,2,1,1
36738900000000,3,1,0
36738900000000,4,2,2
36738900000000,5,33,7
36738900000000,6,13,5
36738900000000,7,51,6
36738900000000,9,6,2
36739600000000,0,6,0
36739600000000,1,1,0
36739600000000,2,21,12
36739600000000,3,1,0
36739600000000,4,3,2
36739600000000,5,207,38
36739600000000,6,25,2
36739600000000,7,281,61
36739600000000,9,5,2
36750400000000,0,8,1
36750400000000,1,5,1
36750400000000,2,17,1
36750400000000,3,8,0
36750400000000,4,13,3
36750400000000,5,1135,71
36750400000000,6,140,6
36750400000000,7,516,40
36750400000000,9,22,7
36750500000000,1,1,0
36750500000000,2,2,0
36750500000000,3,1,0
36750500000000,5,32,11
36750500000000,6,2,0
36750500000000,7,36,5
36750500000000,9,1,0
36750700000000,0,3,1
36750700000000,1,5,1
36750700000000,2,55,40
36750700000000,3,6,3
36750700000000,4,12,6
36750700000000,5,434,121
36750700000000,6,68,14
36750700000000,7,256,111
36750700000000,9,26,13
36750800000000,0,1,0
36750800000000,1,4,0
36750800000000,2,36,23
36750800000000,3,9,1
36750800000000,4,10,7
36750800000000,5,393,76
36750800000000,6,94,19
36750800000000,7,464,165
36750800000000,9,16,4
37103700000000,0,1,0
37103700000000,1,4,0
37103700000000,2,12,2
37103700000000,3,4,0
37103700000000,4,4,0
37103700000000,5,248,3
37103700000000,6,36,1
37103700000000,7,45,5
37103700000000,9,11,1
37679800000000,5,24,6
37679800000000,6,1,0
37679800000000,7,12,9
37680300000000,1,2,1
37680300000000,2,8,7
37680300000000,3,3,2
37680300000000,4,7,6
37680300000000,5,58,30
37680300000000,6,11,7
37680300000000,7,215,160
37680300000000,9,8,6
37680500000000,0,5,0
37680500000000,1,4,1
37680500000000,2,8,0
37680500000000,3,3,0
37680500000000,5,154,5
37680500000000,6,45,0
37680500000000,7,79,5
37680500000000,9,8,1
37681100000000,0,9,4
37681100000000,1,9,4
37681100000000,2,75,58
37681100000000,3,9,3
37681100000000,4,52,32
37681100000000,5,1200,376
37681100000000,6,38,15
37681100000000,7,649,306
37681100000000,9,24,12
37681200000000,1,1,0
37681200000000,2,5,4
37681200000000,3,2,0
37681200000000,4,7,5
37681200000000,5,315,64
37681200000000,6,10,1
37681200000000,7,210,86
37681200000000,9,4,2
37681300000000,0,20,11
37681300000000,1,31,12
37681300000000,2,91,60
37681300000000,3,27,11
37681300000000,4,92,51
37681300000000,5,1498,526
37681300000000,6,282,125
37681300000000,7,2251,837
37681300000000,9,307,138
37681600000000,0,6,0
37681600000000,1,6,1
37681600000000,2,5,0
37681600000000,3,5,0
37681600000000,4,2,0
37681600000000,5,153,7
37681600000000,6,24,1
37681600000000,7,205,26
37681700000000,1,2,2
37681700000000,5,8,8
37681700000000,7,17,17
37681900000000,0,1,1
37681900000000,2,4,2
37681900000000,4,3,1
37681900000000,5,21,3
37681900000000,6,6,1
37681900000000,7,72,48
37681900000000,9,1,1
37682100000000,0,5,1
37682100000000,1,2,0
37682100000000,2,3,0
37682100000000,3,2,1
37682100000000,4,4,0
37682100000000,5,105,15
37682100000000,6,15,1
37682100000000,7,136,19
37682100000000,9,1,0
37683000000000,0,12,7
37683000000000,1,13,4
37683000000000,2,463,403
37683000000000,3,10,9
37683000000000,4,197,142
37683000000000,5,521,215
37683000000000,6,78,34
37683000000000,7,1629,1068
37683000000000,9,108,73
37683400000000,0,21,8
37683400000000,1,30,11
37683400000000,2,815,554
37683400000000,3,53,20
37683400000000,4,589,333
37683400000000,5,3526,1548
37683400000000,6,764,328
37683400000000,7,2007,1316
37683400000000,9,278,167
37683500000000,1,3,3
37683500000000,2,331,291
37683500000000,3,6,4
37683500000000,4,18,14
37683500000000,5,253,140
37683500000000,6,15,10
37683500000000,7,1387,1051
37683500000000,9,13,9
37684000000000,0,1,0
37684000000000,1,7,0
37684000000000,2,12,0
37684000000000,3,3,0
37684000000000,4,8,0
37684000000000,5,64,0
37684000000000,6,21,0
37684000000000,7,156,0
37684100000000,1,17,5
37684100000000,2,102,69
37684100000000,3,25,10
37684100000000,4,613,449
37684100000000,5,4919,1977
37684100000000,6,191,73
37684100000000,7,382,228
37684100000000,9,263,161
37684400000000,4,1,0
37684400000000,5,22,0
37684400000000,7,20,1
37684500000000,1,9,0
37684500000000,2,59,26
37684500000000,3,26,10
37684500000000,4,48,31
37684500000000,5,1137,222
37684500000000,6,129,24
37684500000000,7,633,307
37684500000000,9,79,25
37735500000000,1,5,1
37735500000000,2,58,52
37735500000000,3,2,1
37735500000000,4,7,6
37735500000000,5,159,84
37735500000000,6,15,7
37735500000000,7,424,308
37735500000000,9,32,25
37735700000000,0,8,6
37735700000000,1,3,0
37735700000000,2,26,18
37735700000000,3,35,10
37735700000000,4,59,32
37735700000000,5,770,203
37735700000000,6,105,38
37735700000000,7,325,144
37735700000000,9,12,4
37737900000000,0,1,0
37737900000000,1,6,4
37737900000000,2,53,48
37737900000000,3,4,3
37737900000000,4,42,37
37737900000000,5,563,232
37737900000000,6,44,25
37737900000000,7,519,361
37737900000000,9,18,11
37754200000000,1,3,3
37754200000000,2,2,2
37754200000000,5,9,9
37754200000000,7,3,3
37756100000000,1,21,3
37756100000000,2,9,8
37756100000000,3,3,2
37756100000000,4,8,5
37756100000000,5,105,34
37756100000000,6,5,1
37756100000000,7,125,81
37756100000000,9,3,2
37764700000000,1,1,1
37764700000000,2,23,21
37764700000000,3,5,5
37764700000000,4,18,18
37764700000000,5,135,133
37764700000000,6,14,14
37764700000000,7,74,72
38103900000000,0,1,0
38103900000000,3,2,0
38103900000000,4,3,0
38103900000000,5,8,1
38103900000000,6,9,0
38103900000000,7,4,0
38103900000000,9,1,0
38684800000000,0,130,88
38684800000000,1,14,3
38684800000000,2,1905,1453
38684800000000,3,51,9
38684800000000,4,269,150
38684800000000,5,1009,399
38684800000000,6,375,119
38684800000000,7,378,243
38684800000000,9,54,39
38767000000000,0,1,1
38767000000000,2,7,7
38767000000000,3,1,1
38767000000000,4,1,1
38767000000000,5,4,4
38767000000000,6,5,5
38767000000000,7,6,6
39104000000000,1,4,0
39104000000000,2,15,1
39104000000000,3,8,0
39104000000000,4,14,1
39104000000000,5,254,15
39104000000000,6,70,2
39104000000000,7,101,10
39104000000000,9,13,0
39685000000000,0,1,0
39685000000000,2,6,4
39685000000000,4,1,1
39685000000000,5,99,19
39685000000000,6,3,1
39685000000000,7,101,32
39685000000000,9,5,1
39685700000000,1,7,3
39685700000000,2,71,37
39685700000000,3,9,0
39685700000000,4,41,23
39685700000000,5,242,51
39685700000000,6,78,24
39685700000000,7,195,74
39685700000000,9,10,3
39685800000000,1,2,0
39685800000000,2,1,0
39685800000000,4,2,1
39685800000000,5,82,26
39685800000000,6,1,0
39685800000000,7,74,29
39685800000000,9,3,1
39685900000000,0,8,0
39685900000000,1,19,7
39685900000000,2,478,192
39685900000000,3,27,7
39685900000000,4,229,108
39685900000000,5,1596,374
39685900000000,6,277,69
39685900000000,7,963,282
39685900000000,9,33,10
39686300000000,0,2,1
39686300000000,1,3,0
39686300000000,2,14,1
39686300000000,3,3,1
39686300000000,4,8,1
39686300000000,5,116,7
39686300000000,6,29,6
39686300000000,7,152,2
39686300000000,9,5,1
39686500000000,0,1,0
39686500000000,1,2,0
39686500000000,2,6,3
39686500000000,3,4,3
39686500000000,4,3,2
39686500000000,5,72,18
39686500000000,6,8,3
39686500000000,7,150,39
39686500000000,9,7,1
39686800000000,1,59,16
39686800000000,2,237,119
39686800000000,3,8,3
39686800000000,4,141,78
39686800000000,5,1209,391
39686800000000,6,211,47
39686800000000,7,128,49
39686800000000,9,13,7
39755000000000,1,12,5
39755000000000,2,156,96
39755000000000,3,16,5
39755000000000,4,98,48
39755000000000,5,606,206
39755000000000,6,105,32
39755000000000,7,384,179
39755000000000,9,61,25
40104100000000,1,3,0
40104100000000,2,4,0
40104100000000,3,2,0
40104100000000,4,3,0
40104100000000,5,142,0
40104100000000,6,3,0
40104100000000,7,73,0
40104100000000,9,10,0
40687000000000,0,1,0
40687000000000,1,8,2
40687000000000,2,3,2
40687000000000,3,1,1
40687000000000,4,2,1
40687000000000,5,72,19
40687000000000,6,8,2
40687000000000,7,258,117
40687000000000,9,18,6
40687600000000,1,3,2
40687600000000,2,21,15
40687600000000,3,1,0
40687600000000,4,10,4
40687600000000,5,308,86
40687600000000,6,9,2
40687600000000,7,416,160
40687600000000,9,22,12
40688100000000,0,1,0
40688100000000,1,2,0
40688100000000,2,33,20
40688100000000,4,12,7
40688100000000,5,122,37
40688100000000,6,11,6
40688100000000,7,412,233
40688100000000,9,13,7
40688300000000,0,1,0
40688300000000,5,7,1
40688300000000,7,4,0
40688400000000,1,1,0
40688400000000,2,3,3
40688400000000,5,56,26
40688400000000,6,3,3
40688400000000,7,163,86
40688400000000,9,12,9
40754600000000,1,3,1
40754600000000,2,4,2
40754600000000,4,3,1
40754600000000,5,240,52
40754600000000,6,13,5
40754600000000,7,261,77
40754600000000,9,7,2
40754700000000,0,25,7
40754700000000,2,1,0
40754700000000,5,1,0
40754700000000,7,27,14
41104100000000,2,1,0
41104100000000,4,2,0
41104100000000,5,17,0
41104100000000,6,4,0
41104100000000,7,11,0
41104100000000,9,1,0
41688900000000,1,1,0
41688900000000,2,4,4
41688900000000,4,2,2
41688900000000,5,93,36
41688900000000,7,113,81
41688900000000,9,3,2
41689200000000,1,1,0
41689200000000,2,155,99
41689200000000,3,17,4
41689200000000,4,349,176
41689200000000,5,311,69
41689200000000,6,29,3
41689200000000,7,189,69
41689200000000,9,83,31
41689400000000,5,13,1
41689400000000,7,7,5
41689400000000,9,1,1
41690000000000,2,1,1
41690000000000,3,1,1
41690000000000,5,37,35
41690000000000,6,2,2
41690500000000,1,1,1
41690500000000,2,413,322
41690500000000,3,52,15
41690500000000,4,122,78
41690500000000,5,486,157
41690500000000,6,21,8
41690500000000,7,565,354
41690500000000,9,145,87
41690600000000,0,1,1
41690600000000,1,9,6
41690600000000,2,134,123
41690600000000,3,69,24
41690600000000,4,35,24
41690600000000,5,859,396
41690600000000,6,67,22
41690600000000,7,749,600
41690600000000,9,117,90
41690700000000,2,76,43
41690700000000,3,11,3
41690700000000,4,189,107
41690700000000,5,256,86
41690700000000,6,13,4
41690700000000,7,54,20
41690700000000,9,40,26
42104200000000,2,1,0
42104200000000,5,15,0
42104200000000,6,2,0
42104200000000,7,5,0
42104200000000,9,1,0
42691100000000,1,2,0
42691100000000,2,1,0
42691100000000,5,23,0
42691100000000,6,1,0
42691100000000,7,39,0
42691500000000,1,1,0
42691500000000,2,4,4
42691500000000,4,1,0
42691500000000,5,121,38
42691500000000,6,2,1
42691500000000,7,35,26
42692300000000,1,10,1
42692300000000,2,22,8
42692300000000,3,2,0
42692300000000,4,7,3
42692300000000,5,342,67
42692300000000,6,22,7
42692300000000,7,173,56
42692300000000,9,39,11
42692500000000,0,1,0
42692500000000,5,31,0
42692500000000,7,45,0
42692500000000,9,1,0
42692600000000,1,3,0
42692600000000,2,4,2
42692600000000,4,4,1
42692600000000,5,42,4
42692600000000,6,1,0
42692600000000,7,88,15
42692600000000,9,3,2
42693100000000,0,14,5
42693100000000,1,5,1
42693100000000,2,16,9
42693100000000,3,1,0
42693100000000,4,37,22
42693100000000,5,1336,296
42693100000000,6,20,5
42693100000000,7,220,88
42693100000000,9,18,5
42693300000000,1,3,0
42693300000000,2,1,1
42693300000000,5,98,35
42693300000000,6,1,0
42693300000000,7,133,89
42693300000000,9,7,5
42750100000000,5,12,2
42750100000000,7,1,0
42767900000000,0,1,0
42767900000000,1,10,4
42767900000000,2,65,54
42767900000000,3,3,3
42767900000000,4,9,6
42767900000000,5,722,317
42767900000000,6,11,8
42767900000000,7,601,445
42767900000000,9,37,28
43104400000000,0,7,6
43104400000000,2,38,35
43104400000000,3,3,2
43104400000000,4,7,6
43104400000000,5,184,112
43104400000000,6,19,8
43104400000000,7,40,24
43104400000000,9,3,0
43694000000000,1,7,2
43694000000000,2,185,131
43694000000000,3,5,1
43694000000000,4,33,20
43694000000000,5,519,116
43694000000000,6,46,7
43694000000000,7,635,335
43694000000000,9,115,55
43694300000000,0,6,3
43694300000000,1,10,3
43694300000000,2,1898,1246
43694300000000,3,26,12
43694300000000,4,473,199
43694300000000,5,2424,636
43694300000000,6,152,34
43694300000000,7,429,206
43694300000000,9,94,38
43694700000000,1,1,0
43694700000000,2,1452,1290
43694700000000,3,10,5
43694700000000,4,90,57
43694700000000,5,363,118
43694700000000,6,22,10
43694700000000,7,526,387
43694700000000,9,117,92
43694800000000,0,1,0
43694800000000,2,31,26
43694800000000,3,3,0
43694800000000,4,14,7
43694800000000,5,523,139
43694800000000,6,13,5
43694800000000,7,222,107
43694800000000,9,6,4
43695300000000,0,5,4
43695300000000,1,1,1
43695300000000,2,244,228
43695300000000,4,1,1
43695300000000,5,60,42
43695300000000,6,3,3
43695300000000,7,450,350
43695300000000,9,67,55
43695800000000,1,1,0
43695800000000,2,43,33
43695800000000,3,2,1
43695800000000,4,12,7
43695800000000,5,243,88
43695800000000,6,19,12
43695800000000,7,237,152
43695800000000,9,4,3
43696100000000,1,1,1
43696100000000,2,183,162
43696100000000,3,8,3
43696100000000,4,28,19
43696100000000,5,195,79
43696100000000,6,12,5
43696100000000,7,405,332
43696100000000,9,17,11
43696400000000,1,2,2
43696400000000,2,318,272
43696400000000,3,3,2
43696400000000,4,9,8
43696400000000,5,90,69
43696400000000,6,19,15
43696400000000,7,419,338
43696400000000,9,37,30
43696700000000,0,1,1
43696700000000,1,16,7
43696700000000,2,535,386
43696700000000,3,22,4
43696700000000,4,143,63
43696700000000,5,1545,435
43696700000000,6,131,41
43696700000000,7,841,463
43696700000000,9,51,24
43733900000000,2,366,264
43733900000000,3,7,2
43733900000000,4,164,58
43733900000000,5,142,34
43733900000000,6,27,5
43733900000000,7,43,14
43733900000000,9,17,5
44104500000000,0,10,6
44104500000000,1,1,0
44104500000000,2,9,8
44104500000000,5,100,65
44104500000000,6,2,0
44104500000000,7,160,114
44104500000000,9,18,11
44697700000000,0,2,2
44697700000000,1,1,1
44697700000000,2,1,1
44697700000000,5,3,3
44697700000000,6,1,1
44697700000000,7,35,35
44698000000000,1,2,1
44698000000000,2,16,15
44698000000000,3,2,1
44698000000000,4,13,10
44698000000000,5,898,444
44698000000000,6,4,3
44698000000000,7,218,169
44698000000000,9,3,2
44698100000000,0,7,0
44698100000000,2,6,3
44698100000000,3,1,0
44698100000000,4,2,0
44698100000000,5,41,12
44698100000000,6,4,3
44698100000000,7,186,129
44698100000000,9,14,9
44698200000000,0,1,0
44698200000000,1,6,2
44698200000000,2,32,26
44698200000000,3,4,1
44698200000000,4,9,2
44698200000000,5,303,91
44698200000000,6,13,2
44698200000000,7,440,241
44698200000000,9,28,11
44754300000000,0,1,0
44754300000000,2,4,2
44754300000000,5,21,12
44754300000000,7,127,79
44754300000000,9,16,12
45104500000000,1,2,0
45104500000000,5,5,0
45104500000000,6,2,0
45104500000000,7,24,0
45104500000000,9,4,0
45698600000000,0,2,0
45698600000000,1,30,4
45698600000000,2,6,1
45698600000000,3,2,1
45698600000000,4,1,0
45698600000000,5,56,15
45698600000000,6,1,1
45698600000000,7,313,64
45698600000000,9,9,1
45699900000000,1,6,1
45699900000000,5,21,6
45699900000000,7,46,10
45699900000000,9,2,1
45701100000000,4,1,1
45701100000000,5,2,0
45701100000000,7,18,7
45701100000000,9,2,0
45701400000000,0,2,1
45701400000000,1,46,4
45701400000000,2,28,16
45701400000000,3,3,3
45701400000000,4,8,4
45701400000000,5,142,36
45701400000000,6,22,7
45701400000000,7,767,263
45701400000000,9,50,18
45701700000000,5,2,0
45701700000000,6,1,0
45701700000000,7,10,0
45752700000000,1,12,4
45752700000000,2,5,3
45752700000000,3,3,1
45752700000000,5,26,4
45752700000000,6,4,2
45752700000000,7,186,40
45752700000000,9,3,2
46701800000000,7,2,0
47104700000000,1,1,0
47104700000000,5,6,0
47104700000000,7,21,1
47104700000000,9,2,0
47702500000000,5,3,2
47702500000000,7,10,5
47704700000000,1,7,2
47704700000000,2,3,0
47704700000000,5,18,1
47704700000000,6,4,2
47704700000000,7,75,17
47704700000000,9,1,0
47705200000000,1,2,2
47705200000000,2,2,2
47705200000000,5,16,9
47705200000000,7,100,43
47705200000000,9,11,3
47736800000000,5,9,3
47736800000000,7,5,1
47736800000000,9,1,0
47764600000000,1,1,0
47764600000000,5,3,0
47764600000000,6,2,0
47764600000000,7,34,16
47764600000000,9,2,1
48104900000000,6,2,0
48104900000000,7,2,0
48104900000000,9,1,0
48705200000000,0,1,0
48705200000000,1,2,0
48705200000000,2,24,19
48705200000000,3,2,0
48705200000000,4,31,20
48705200000000,5,63,15
48705200000000,6,37,6
48705200000000,7,231,108
48705200000000,9,32,8
48705300000000,0,1,1
48705300000000,1,1,0
48705300000000,2,6,4
48705300000000,3,3,1
48705300000000,4,1,1
48705300000000,5,129,41
48705300000000,6,6,2
48705300000000,7,126,72
48705300000000,9,1,1
48705400000000,1,20,8
48705400000000,2,68,39
48705400000000,3,16,3
48705400000000,4,125,63
48705400000000,5,442,94
48705400000000,6,229,43
48705400000000,7,199,76
48705400000000,9,225,64
48705700000000,0,4,1
48705700000000,1,11,1
48705700000000,2,51,33
48705700000000,3,17,5
48705700000000,4,68,40
48705700000000,5,364,122
48705700000000,6,152,39
48705700000000,7,677,326
48705700000000,9,57,19
48705800000000,0,3,1
48705800000000,1,1,0
48705800000000,2,22,11
48705800000000,3,10,2
48705800000000,4,207,109
48705800000000,5,237,66
48705800000000,6,224,45
48705800000000,7,55,18
48705800000000,9,16,4
49105000000000,1,1,0
49105000000000,5,16,0
49105000000000,6,1,0
49105000000000,7,14,0
49706100000000,1,3,1
49706100000000,2,9,5
49706100000000,3,1,0
49706100000000,4,2,1
49706100000000,5,86,30
49706100000000,6,10,4
49706100000000,7,342,145
49706100000000,9,23,9
49706600000000,1,5,0
49706600000000,4,1,1
49706600000000,5,44,13
49706600000000,6,1,0
49706600000000,7,35,10
49706600000000,9,1,0
49707100000000,5,13,4
49707100000000,7,8,1
49707300000000,2,2,0
49707300000000,3,2,0
49707300000000,4,1,0
49707300000000,5,18,1
49707300000000,6,2,0
49707300000000,7,36,5
49708000000000,0,1,0
49708000000000,1,1,0
49708000000000,2,2,0
49708000000000,3,2,0
49708000000000,4,2,0
49708000000000,5,12,0
49708000000000,6,4,0
49708000000000,7,38,0
49708400000000,1,1,0
49708400000000,2,1,0
49708400000000,4,1,0
49708400000000,5,2,0
49708400000000,6,2,0
49708400000000,7,7,1
49708600000000,0,1,1
49708600000000,1,3,2
49708600000000,2,32,24
49708600000000,3,2,2
49708600000000,4,12,7
49708600000000,5,196,46
49708600000000,6,13,5
49708600000000,7,468,203
49708600000000,9,32,11
49708700000000,5,8,0
49708700000000,7,6,0
49709000000000,1,4,4
49709000000000,2,2,1
49709000000000,3,1,1
49709000000000,5,95,64
49709000000000,7,1,1
49709200000000,0,3,1
49709200000000,1,13,2
49709200000000,2,94,36
49709200000000,3,13,3
49709200000000,4,23,9
49709200000000,5,648,117
49709200000000,6,61,11
49709200000000,7,827,308
49709200000000,9,70,15
49709500000000,1,2,2
49709500000000,2,5,4
49709500000000,4,2,1
49709500000000,5,130,50
49709500000000,6,1,0
49709500000000,7,141,70
49709600000000,5,2,0
49709600000000,7,27,8
49709600000000,9,3,0
49738800000000,0,13,13
49738800000000,1,4,1
49738800000000,2,21,13
49738800000000,3,1,1
49738800000000,4,9,5
49738800000000,5,157,37
49738800000000,6,8,4
49738800000000,7,184,73
49738800000000,9,6,2
49753600000000,1,1,0
49753600000000,2,11,6
49753600000000,3,2,1
49753600000000,4,4,2
49753600000000,5,168,41
49753600000000,6,6,1
49753600000000,7,206,75
49753600000000,9,6,4
49753900000000,1,3,0
49753900000000,2,7,5
49753900000000,5,68,17
49753900000000,7,64,22
50105000000000,0,6,0
50105000000000,1,3,0
50105000000000,2,14,0
50105000000000,3,5,0
50105000000000,4,5,2
50105000000000,5,274,3
50105000000000,6,23,0
50105000000000,7,150,7
50105000000000,9,11,2
50710400000000,0,1,0
50710400000000,1,8,5
50710400000000,2,44,28
50710400000000,3,4,2
50710400000000,4,6,3
50710400000000,5,637,233
50710400000000,6,18,5
50710400000000,7,153,50
50710400000000,9,9,2
50710700000000,5,75,15
50710700000000,7,93,22
50710700000000,9,3,0
50710900000000,1,1,0
50710900000000,2,1,1
50710900000000,5,2,1
50710900000000,7,2,1
50711300000000,5,11,1
50711300000000,6,1,1
50711300000000,7,18,7
50711800000000,0,133,46
50711800000000,1,18,3
50711800000000,2,186,103
50711800000000,3,38,14
50711800000000,4,51,31
50711800000000,5,1567,506
50711800000000,6,124,24
50711800000000,7,884,373
50711800000000,9,154,50
50712200000000,1,3,1
50712200000000,2,15,8
50712200000000,3,4,1
50712200000000,4,7,4
50712200000000,5,254,65
50712200000000,6,33,11
50712200000000,7,57,21
50712200000000,9,6,2
50736000000000,2,1,1
50736000000000,3,2,0
50736000000000,5,135,39
50736000000000,7,53,19
50736000000000,9,4,2
50755500000000,1,1,0
50755500000000,2,1,0
50755500000000,5,90,31
50755500000000,6,1,0
50755500000000,7,81,44
50755500000000,9,3,1
50755600000000,1,6,1
50755600000000,2,9,3
50755600000000,4,8,3
50755600000000,5,260,56
50755600000000,6,5,1
50755600000000,7,302,94
50755600000000,9,2,0
50755700000000,0,3,1
50755700000000,1,3,2
50755700000000,2,3,2
50755700000000,3,5,0
50755700000000,5,130,13
50755700000000,6,12,3
50755700000000,7,183,32
50757400000000,0,3,1
50757400000000,1,11,4
50757400000000,2,51,33
50757400000000,3,5,3
50757400000000,4,7,2
50757400000000,5,532,170
50757400000000,6,28,6
50757400000000,7,407,180
50757400000000,9,13,6
51105100000000,2,2,0
51105100000000,5,10,0
51105100000000,6,1,0
51105100000000,7,15,0
51105100000000,9,3,0
51713700000000,0,2,0
51713700000000,1,2,0
51713700000000,2,4,3
51713700000000,4,1,1
51713700000000,5,19,9
51713700000000,7,45,17
51713700000000,9,4,2
51714000000000,1,3,0
51714000000000,2,20,11
51714000000000,5,62,26
51714000000000,7,27,10
51714100000000,0,7,2
51714100000000,1,2,0
51714100000000,2,2,0
51714100000000,5,34,1
51714100000000,6,5,0
51714100000000,7,90,3
51714100000000,9,8,0
51714200000000,0,1,0
51714200000000,1,1,0
51714200000000,2,1,0
51714200000000,4,2,0
51714200000000,5,11,0
51714200000000,6,9,0
51714200000000,7,34,0
51714500000000,1,6,2
51714500000000,2,4,2
51714500000000,4,1,0
51714500000000,5,27,5
51714500000000,6,1,0
51714500000000,7,127,43
51714500000000,9,13,4
51714600000000,0,8,4
51714600000000,1,2,0
51714600000000,2,173,89
51714600000000,3,1,1
51714600000000,4,6,5
51714600000000,5,278,101
51714600000000,6,20,7
51714600000000,7,273,119
51714600000000,9,42,14
52105200000000,1,1,0
52105200000000,5,4,0
52105200000000,6,1,0
52105200000000,7,18,0
52715100000000,0,1,0
52715100000000,1,4,0
52715100000000,2,3,1
52715100000000,4,1,0
52715100000000,5,108,13
52715100000000,6,4,0
52715100000000,7,102,27
52715100000000,9,2,0
52715700000000,5,20,0
52715700000000,7,14,1
52716400000000,0,1,0
52716400000000,1,6,0
52716400000000,2,3,0
52716400000000,3,1,0
52716400000000,4,2,1
52716400000000,5,91,20
52716400000000,6,3,2
52716400000000,7,234,66
52716400000000,9,9,2
53738300000000,1,1,0
53738300000000,7,2,2
53750300000000,1,1,0
53750300000000,2,1,0
53750300000000,5,2,0
53750300000000,7,9,0
53750300000000,9,4,1
53765100000000,1,3,2
53765100000000,3,1,0
53765100000000,5,1,0
53765100000000,6,1,0
53765100000000,7,60,20
53765100000000,9,7,1
54105500000000,1,1,0
54105500000000,2,4,3
54105500000000,3,2,1
54105500000000,5,43,9
54105500000000,6,1,0
54105500000000,7,36,9
54105500000000,9,1,1
54718000000000,5,16,6
54718000000000,7,16,1
54718000000000,9,2,0
54718400000000,2,1,0
54718400000000,5,23,2
54718400000000,6,2,1
54718400000000,7,14,1
54718600000000,2,1,1
54718600000000,4,8,6
54718600000000,5,228,76
54718600000000,6,1,0
54718600000000,7,6,2
54718600000000,9,1,0
54719900000000,2,4,1
54719900000000,5,237,82
54719900000000,7,16,4
54721400000000,1,3,0
54721400000000,5,86,0
54721400000000,6,6,0
54721400000000,7,28,0
54722500000000,0,1,0
54722500000000,1,7,2
54722500000000,2,14,7
54722500000000,3,2,1
54722500000000,4,7,5
54722500000000,5,775,275
54722500000000,6,35,11
54722500000000,7,255,104
54722500000000,9,2,1
54722600000000,0,10,2
54722600000000,1,31,8
54722600000000,2,96,39
54722600000000,3,4,1
54722600000000,4,2,1
54722600000000,5,1145,298
54722600000000,6,46,11
54722600000000,7,606,206
54722600000000,9,19,6
54753300000000,2,1,0
54753300000000,5,188,64
54753300000000,7,13,6
54755200000000,0,1,1
54755200000000,1,22,3
54755200000000,2,34,17
54755200000000,3,3,1
54755200000000,4,31,17
54755200000000,5,1037,326
54755200000000,6,7,4
54755200000000,7,249,91
54755200000000,9,6,2
54755300000000,1,1,1
54755300000000,2,3,3
54755300000000,4,6,3
54755300000000,5,442,206
54755300000000,6,5,3
54755300000000,7,41,21
54767900000000,2,1,0
54767900000000,5,126,49
54767900000000,7,27,12
54767900000000,9,1,1
54768400000000,1,1,0
54768400000000,2,1,1
54768400000000,4,2,1
54768400000000,5,115,33
54768400000000,6,3,1
54768400000000,7,116,43
55105500000000,7,4,0
55105500000000,9,1,0
55723600000000,4,1,0
55723600000000,5,4,0
55723600000000,6,2,0
55723600000000,7,11,0
55723900000000,0,2,0
55723900000000,1,7,1
55723900000000,2,2,2
55723900000000,4,1,0
55723900000000,5,36,6
55723900000000,6,2,0
55723900000000,7,230,63
55723900000000,9,5,0
55724100000000,1,8,2
55724100000000,2,1,1
55724100000000,4,1,1
55724100000000,5,24,7
55724100000000,6,4,2
55724100000000,7,151,44
55724100000000,9,4,0
55751800000000,1,1,0
55751800000000,3,1,0
55751800000000,5,6,0
55751800000000,6,2,1
55751800000000,7,24,4
56105600000000,1,1,0
56105600000000,2,3,0
56105600000000,3,1,0
56105600000000,4,1,0
56105600000000,5,100,0
56105600000000,7,44,0
56724500000000,1,1,0
56724500000000,2,3,3
56724500000000,5,223,63
56724500000000,6,1,0
56724500000000,7,32,15
56724700000000,1,2,0
56724700000000,2,2,0
56724700000000,5,8,0
56724700000000,6,1,0
56724700000000,7,10,0
56725000000000,0,4,4
56725000000000,2,2,0
56725000000000,5,7,2
56725000000000,6,4,2
56725000000000,7,21,3
56725200000000,2,1,0
56725200000000,5,28,0
56725200000000,7,36,0
56725200000000,9,1,0
56725500000000,1,5,1
56725500000000,2,91,53
56725500000000,3,20,3
56725500000000,4,173,87
56725500000000,5,2477,515
56725500000000,6,83,19
56725500000000,7,506,199
56725500000000,9,46,17
56726000000000,1,8,1
56726000000000,2,102,62
56726000000000,3,3,0
56726000000000,4,23,15
56726000000000,5,276,63
56726000000000,6,14,3
56726000000000,7,769,288
56726000000000,9,23,8
56726500000000,1,6,3
56726500000000,2,39,27
56726500000000,3,1,1
56726500000000,4,16,14
56726500000000,5,497,134
56726500000000,6,25,11
56726500000000,7,602,262
56726500000000,9,33,20
56737600000000,1,7,4
56737600000000,2,158,126
56737600000000,3,5,2
56737600000000,4,28,20
56737600000000,5,350,128
56737600000000,6,41,14
56737600000000,7,1181,740
56737600000000,9,49,32
56738700000000,1,2,1
56738700000000,2,56,31
56738700000000,4,4,2
56738700000000,5,30,8
56738700000000,6,7,1
56738700000000,7,321,130
56738700000000,9,6,3
56739400000000,1,4,2
56739400000000,2,36,27
56739400000000,3,4,2
56739400000000,4,12,9
56739400000000,5,199,49
56739400000000,6,6,1
56739400000000,7,297,151
56739400000000,9,11,7
56768300000000,2,1,1
56768300000000,5,345,104
56768300000000,6,3,1
56768300000000,7,13,4
57105800000000,5,7,0
57105800000000,7,6,0
57726800000000,1,4,3
57726800000000,2,126,102
57726800000000,4,10,8
57726800000000,5,103,55
57726800000000,6,21,16
57726800000000,7,436,352
57726800000000,9,29,23
57726900000000,1,5,1
57726900000000,2,57,37
57726900000000,3,6,2
57726900000000,4,20,11
57726900000000,5,265,91
57726900000000,6,29,12
57726900000000,7,193,95
57726900000000,9,7,4
57727000000000,5,68,14
57727000000000,6,1,1
57727000000000,7,46,23
57727000000000,9,2,0
57727100000000,0,1,0
57727100000000,2,41,21
57727100000000,3,3,0
57727100000000,4,4,2
57727100000000,5,387,157
57727100000000,6,5,1
57727100000000,7,171,85
57727100000000,9,5,2
58105900000000,1,1,0
58105900000000,5,14,0
58105900000000,6,3,0
58105900000000,7,21,0
58105900000000,9,1,0
58727300000000,1,1,0
58727300000000,4,1,0
58727300000000,5,2,0
58727300000000,7,31,8
58727400000000,0,3,1
58727400000000,1,23,5
58727400000000,2,70,27
58727400000000,3,3,1
58727400000000,4,6,3
58727400000000,5,231,48
58727400000000,6,23,5
58727400000000,7,252,50
58727400000000,9,9,5
58727700000000,1,3,1
58727700000000,2,4,0
58727700000000,4,4,1
58727700000000,5,39,15
58727700000000,6,1,0
58727700000000,7,83,22
58727700000000,9,13,4
